DATE,Dubai,Texas,UK,Dubai Price,WTI,Brent
2020-07-07,36.1,28.4,12.5,43.09,40.59,43.28
2020-07-08,35.9,29.0,19.0,43.29,40.91,43.67
2020-07-09,34.9,27.2,14.8,42.79,39.64,42.35
2020-07-10,33.4,22.9,11.2,43.4,40.56,43.27
2020-07-13,39.8,29.9,16.8,43.1,40.06,42.85
2020-07-14,38.8,29.0,14.8,43.22,40.3,42.97
2020-07-15,38.3,29.2,16.3,43.78,41.2,43.96
2020-07-16,39.4,29.9,18.4,43.3,40.74,43.71
2020-07-17,39.3,26.8,17.2,43.0,40.55,43.53
2020-07-20,36.8,26.4,13.8,43.05,40.83,43.3
2020-07-21,37.9,25.3,14.9,43.58,41.76,44.31
2020-07-22,35.8,26.8,13.4,43.62,41.88,43.98
2020-07-23,34.2,28.8,17.0,43.3,40.99,42.96
2020-07-24,34.8,27.4,15.7,43.28,41.23,43.29
2020-07-27,37.3,26.3,12.6,43.33,41.46,43.39
2020-07-28,37.9,26.4,13.5,43.28,40.89,43.11
2020-07-29,37.8,26.0,14.1,43.29,41.13,43.51
2020-07-30,37.3,28.8,12.8,43.28,39.85,42.98
2020-07-31,39.5,29.2,15.9,42.54,40.1,43.13
2020-08-07,38.6,29.4,12.1,43.33,41.16,44.07
2020-08-10,32.6,23.8,8.9,43.78,41.94,44.19
2020-08-11,27.8,21.4,9.4,43.38,41.53,43.68
2020-08-12,23.4,11.7,5.4,43.97,42.6,45.09
2020-08-13,35.3,29.7,15.9,43.59,42.26,44.87
2020-08-14,35.7,29.6,14.7,43.39,42.05,44.86
2020-08-17,36.0,26.8,14.2,43.78,42.89,44.91
2020-08-18,36.4,28.2,15.3,43.96,42.89,45.34
2020-08-19,37.9,27.6,15.6,43.96,42.91,45.21
2020-08-20,36.9,27.5,18.1,43.78,42.62,44.56
2020-08-21,36.6,27.7,16.5,43.69,42.32,43.94
2020-08-24,36.3,28.1,11.9,43.91,42.44,44.43
2020-08-25,35.2,27.9,13.0,44.0,43.17,46.01
2020-08-26,35.4,27.1,12.5,43.96,43.21,45.79
2020-08-27,37.7,29.3,11.6,43.96,42.88,44.84
2020-08-28,37.3,28.2,12.3,43.94,42.96,45.22
2020-09-08,36.4,28.1,13.1,40.2,36.87,38.53
2020-09-09,33.7,27.8,13.8,40.78,38.05,39.98
2020-09-10,32.7,22.8,8.4,40.25,37.25,39.27
2020-09-11,28.3,23.5,10.1,40.24,37.33,38.8
2020-09-14,36.7,27.2,16.7,40.15,37.23,38.57
2020-09-15,35.6,27.9,15.9,40.69,38.29,39.54
2020-09-16,34.4,28.0,12.4,41.58,40.17,41.23
2020-09-17,33.7,27.0,11.7,42.02,40.99,42.35
2020-09-18,34.6,25.4,11.6,42.01,41.09,42.16
2020-09-21,33.2,21.9,12.8,41.41,39.26,40.37
2020-09-22,33.8,23.6,13.4,41.5,39.55,40.84
2020-09-23,34.6,22.7,9.7,41.49,39.92,41.09
2020-09-24,34.8,21.1,8.3,41.56,40.11,41.24
2020-09-25,33.6,23.2,9.7,41.6,40.06,40.91
2020-09-28,32.6,21.9,9.2,41.62,40.47,41.59
2020-09-29,33.1,18.7,9.5,41.53,39.03,40.33
2020-09-30,34.2,19.7,10.9,41.49,40.05,40.3
2020-10-07,38.7,29.7,13.6,40.98,39.82,40.62
2020-10-08,37.4,28.8,15.1,41.88,41.04,42.0
2020-10-09,34.8,26.6,11.2,41.48,40.44,41.63
2020-10-12,22.8,15.6,5.7,40.78,39.22,40.5
2020-10-13,31.8,23.3,9.7,41.24,40.03,41.34
2020-10-14,30.5,22.7,10.6,41.78,40.86,41.81
2020-10-15,29.9,25.1,8.6,41.65,40.84,41.61
2020-10-16,30.1,15.3,9.0,41.48,40.7,41.34
2020-10-19,29.7,25.6,10.5,41.37,40.69,41.29
2020-10-20,29.3,23.9,11.0,41.59,41.37,41.62
2020-10-21,29.2,24.2,12.3,41.07,39.88,40.09
2020-10-22,29.0,24.7,10.1,41.31,40.46,41.28
2020-10-23,28.4,22.5,7.7,41.14,39.73,40.71
2020-10-26,28.2,22.2,9.0,40.89,38.39,39.06
2020-10-27,27.7,19.6,7.7,40.98,39.34,39.72
2020-10-28,28.1,11.7,7.7,40.75,37.27,37.86
2020-10-29,27.9,10.6,8.8,40.68,35.94,36.56
2020-10-30,28.1,12.9,10.4,40.66,35.64,36.33
2020-11-09,34.7,26.1,13.6,41.4,40.05,40.93
2020-11-10,32.1,26.3,9.9,42.19,41.18,42.25
2020-11-11,28.4,21.1,10.7,42.36,41.23,42.5
2020-11-12,22.5,18.7,6.8,42.37,40.9,42.16
2020-11-13,28.8,21.2,8.8,41.87,39.93,41.51
2020-11-16,26.4,12.7,9.1,42.52,41.14,42.71
2020-11-17,26.7,13.8,14.1,42.49,41.24,42.54
2020-11-18,26.8,15.6,11.3,42.69,41.64,42.91
2020-11-19,26.4,18.2,4.2,42.6,41.57,43.09
2020-11-20,26.7,21.0,5.6,42.84,41.99,43.79
2020-11-23,25.5,15.0,7.8,43.08,42.91,45.0
2020-11-24,24.8,19.7,10.7,43.4,44.71,46.63
2020-11-25,24.6,17.5,5.6,43.52,45.58,47.3
2020-11-30,24.6,7.2,7.2,43.39,45.2,46.84
2020-12-07,39.0,29.7,15.0,48.23,45.72,48.63
2020-12-08,36.6,29.7,18.4,48.28,45.64,48.84
2020-12-09,37.7,27.4,12.6,48.42,45.48,48.81
2020-12-10,32.9,26.1,8.2,49.29,46.76,50.33
2020-12-11,28.4,20.0,10.1,49.22,46.59,50.01
2020-12-14,22.3,5.8,7.9,49.46,47.02,50.27
2020-12-15,22.4,7.6,6.1,49.81,47.58,50.77
2020-12-16,22.8,6.0,7.5,49.96,47.86,50.83
2020-12-17,22.8,5.2,7.4,50.08,48.34,51.2
2020-12-18,22.6,10.7,10.3,50.34,49.04,52.17
2020-12-21,21.8,12.8,5.9,49.86,47.79,50.61
2020-12-22,21.3,13.9,3.3,49.57,47.02,49.88
2020-12-23,21.7,19.0,2.2,49.81,47.94,51.05
2020-12-24,21.4,6.8,2.4,49.84,48.18,50.88
2020-12-28,21.1,17.6,-0.4,49.77,47.5,50.88
2020-12-29,20.6,18.0,2.6,49.78,47.85,50.44
2020-12-30,21.6,20.7,0.6,49.82,48.24,50.74
2020-12-31,21.9,16.1,2.1,49.81,48.35,51.22
2021-01-04,26.8,13.7,4.7,50.61,47.47,50.37
2021-01-05,30.2,21.4,5.6,52.84,49.78,53.16
2021-01-06,35.2,25.0,10.7,53.63,50.45,53.8
2021-01-07,36.5,28.1,12.6,53.78,50.63,53.7
2021-01-08,35.9,29.2,13.2,55.06,52.14,55.51
2021-01-11,30.4,17.5,7.9,54.78,52.15,54.84
2021-01-12,25.6,16.9,5.1,55.37,53.08,55.98
2021-01-13,19.3,8.3,0.4,54.96,52.81,55.52
2021-01-14,19.6,11.8,2.7,55.17,53.47,55.76
2021-01-15,19.7,8.7,1.2,54.53,52.25,54.8
2021-01-19,20.7,18.1,1.2,54.89,52.87,55.38
2021-01-20,20.9,16.1,2.1,54.97,53.16,55.66
2021-01-21,19.9,17.4,3.1,54.95,53.0,55.68
2021-01-22,19.9,17.2,2.5,54.76,52.28,55.22
2021-01-25,20.2,20.4,2.9,54.87,52.78,55.44
2021-01-26,20.6,17.6,1.4,54.82,52.61,55.26
2021-01-27,20.4,13.8,2.2,54.81,52.81,55.07
2021-01-28,21.2,8.7,4.3,54.76,52.26,54.87
2021-01-29,21.7,10.7,3.2,54.77,52.16,55.25
2021-02-01,21.4,7.5,1.4,55.66,53.55,56.42
2021-02-02,19.8,9.6,3.5,56.71,54.77,57.62
2021-02-03,26.7,11.2,3.9,57.69,55.67,58.61
2021-02-04,28.3,12.8,4.4,57.97,56.19,58.98
2021-02-05,30.0,24.4,6.8,58.4,56.8,59.48
2021-02-08,36.7,28.0,12.3,59.36,57.95,60.17
2021-02-09,35.5,27.8,13.4,59.63,58.34,60.74
2021-02-10,33.4,23.9,9.9,59.69,58.69,61.17
2021-02-11,29.4,18.3,7.2,59.56,58.22,61.09
2021-02-12,25.3,17.8,2.3,60.23,59.5,62.47
2021-02-16,21.9,-4.2,7.3,60.6,60.07,63.96
2021-02-17,25.4,1.1,6.4,60.89,61.09,65.02
2021-02-18,25.8,0.3,6.8,60.59,60.4,64.09
2021-02-19,24.7,2.3,5.2,60.2,59.12,62.84
2021-02-22,24.7,14.9,6.4,60.62,61.67,64.73
2021-02-23,24.0,14.3,8.3,60.63,61.66,65.16
2021-02-24,24.4,18.9,10.2,60.81,63.21,66.85
2021-02-25,25.3,19.4,6.8,60.84,63.43,66.69
2021-02-26,22.1,20.9,6.5,60.85,61.55,65.86
2021-03-01,20.6,11.2,2.7,62.28,60.54,64.56
2021-03-02,20.4,12.8,3.2,61.33,59.7,63.17
2021-03-03,28.1,11.7,3.2,62.55,61.33,64.7
2021-03-04,29.8,12.9,6.6,64.8,63.81,67.32
2021-03-05,30.9,26.3,5.2,66.89,66.08,69.95
2021-03-08,36.6,27.7,14.4,65.84,65.03,68.0
2021-03-09,35.4,27.6,12.1,65.37,64.02,67.03
2021-03-10,33.7,24.8,9.8,65.54,64.45,67.53
2021-03-11,28.9,14.2,6.7,66.65,66.02,69.34
2021-03-12,24.8,20.4,4.1,66.5,65.59,68.87
2021-03-15,22.8,20.1,6.3,66.38,65.36,68.78
2021-03-16,24.5,22.0,9.7,66.05,64.82,67.95
2021-03-17,28.1,20.7,8.4,65.77,64.55,67.73
2021-03-18,29.9,12.7,9.1,63.9,59.95,62.11
2021-03-19,29.8,11.3,7.2,64.57,61.43,64.0
2021-03-22,25.7,18.2,7.2,64.71,61.48,63.89
2021-03-23,25.0,20.7,8.8,63.72,57.75,59.96
2021-03-24,27.3,19.3,7.2,64.5,61.12,63.7
2021-03-25,30.3,20.5,7.9,64.05,58.47,61.21
2021-03-26,31.1,20.7,6.6,64.43,60.93,63.77
2021-03-29,25.0,15.6,14.3,64.42,61.49,64.06
2021-03-30,25.2,22.1,12.8,64.41,60.55,63.28
2021-03-31,26.0,19.3,7.1,64.41,59.19,63.52
2021-04-01,19.8,14.7,3.2,63.27,61.41,63.85
2021-04-06,35.4,22.9,14.5,60.96,59.34,61.47
2021-04-07,37.2,26.3,14.6,61.46,59.77,61.86
2021-04-08,36.6,27.8,16.2,61.47,59.61,62.09
2021-04-09,35.9,28.8,12.9,61.19,59.29,61.89
2021-04-12,23.9,21.5,4.6,61.3,59.7,62.38
2021-04-13,32.6,22.8,3.5,61.53,60.2,62.83
2021-04-14,33.5,21.1,4.9,63.26,63.15,66.11
2021-04-15,30.6,18.8,4.8,63.48,63.42,66.13
2021-04-16,27.5,18.4,6.0,63.42,63.16,65.98
2021-04-19,27.7,16.0,9.1,63.47,63.33,66.54
2021-04-20,27.7,19.2,8.2,63.23,62.61,65.34
2021-04-21,30.2,13.2,5.5,62.71,61.34,64.02
2021-04-22,32.1,16.1,7.9,62.68,61.45,65.07
2021-04-23,31.8,21.8,7.8,62.8,62.18,65.75
2021-04-26,33.8,21.4,8.1,62.62,62.02,65.5
2021-04-27,33.7,24.0,6.9,62.75,63.03,66.25
2021-04-29,32.5,24.7,5.1,62.9,65.0,68.26
2021-04-30,30.8,21.2,5.8,62.89,63.5,67.73
2021-05-04,25.2,19.3,2.0,66.35,65.72,68.91
2021-05-05,30.6,20.6,5.7,66.65,65.63,69.71
2021-05-06,34.7,24.8,15.1,66.01,64.73,68.62
2021-05-07,38.3,26.2,14.6,66.15,64.96,68.73
2021-05-10,32.9,22.8,8.6,66.2,64.92,68.61
2021-05-11,28.8,11.0,8.6,66.32,65.31,68.83
2021-05-12,23.7,21.8,2.9,66.77,65.96,69.62
2021-05-13,32.1,20.3,8.1,65.42,63.82,67.36
2021-05-14,32.0,21.8,8.6,66.33,65.32,69.24
2021-05-17,32.3,22.2,10.1,66.82,66.24,69.62
2021-05-18,35.8,21.8,10.3,66.64,65.49,69.01
2021-05-19,35.0,20.0,9.3,65.92,63.28,66.88
2021-05-20,34.6,23.4,9.8,65.39,61.95,65.18
2021-05-21,34.7,23.5,8.2,65.73,63.61,66.72
2021-05-24,36.1,23.8,8.4,66.26,66.13,68.59
2021-05-25,37.8,25.0,9.4,66.3,66.27,68.8
2021-05-26,37.0,26.2,11.2,66.33,66.41,68.93
2021-05-27,32.7,26.2,10.7,66.32,66.87,69.43
2021-05-28,32.7,25.2,9.3,66.28,66.31,69.36
2021-06-01,20.2,15.3,-0.6,68.49,67.8,70.03
2021-06-02,22.6,12.3,3.0,69.5,68.79,70.6
2021-06-03,23.3,14.1,2.6,69.47,68.81,70.71
2021-06-04,25.3,22.0,2.1,70.03,69.57,71.3
2021-06-07,37.4,26.5,13.1,69.84,69.21,70.89
2021-06-08,36.2,27.3,15.9,70.36,70.11,71.39
2021-06-09,35.6,27.4,17.1,70.34,69.9,71.31
2021-06-10,32.9,22.8,10.4,70.52,70.34,71.65
2021-06-11,28.7,12.4,10.2,70.61,71.0,72.05
2021-06-14,33.9,29.1,14.1,70.78,70.94,72.27
2021-06-15,34.7,27.8,13.7,71.39,72.06,73.38
2021-06-16,34.8,27.9,15.4,71.56,72.03,73.88
2021-06-17,33.3,27.9,15.4,70.94,71.06,72.92
2021-06-18,33.5,27.5,11.9,71.07,71.64,73.1
2021-06-21,37.7,27.9,12.5,71.48,73.64,74.49
2021-06-22,38.8,27.4,12.7,71.41,73.15,74.92
2021-06-23,39.6,28.1,16.9,71.52,73.11,75.22
2021-06-24,37.7,28.1,16.2,71.6,73.31,75.95
2021-06-25,36.4,28.2,12.1,71.65,74.21,76.45
2021-06-28,36.7,24.4,13.9,71.54,72.98,74.78
2021-06-29,37.3,25.3,12.9,71.57,73.14,75.38
2021-06-30,36.7,26.2,13.1,71.57,73.52,76.94
2021-07-01,19.3,10.2,1.4,73.88,75.33,76.69
2021-07-02,22.4,9.7,1.7,74.23,75.37,77.51
2021-07-06,36.7,27.9,13.7,72.93,73.62,75.81
2021-07-07,37.1,26.6,15.9,72.08,72.22,74.31
2021-07-08,37.2,28.3,16.4,72.58,72.98,75.07
2021-07-09,34.4,25.6,18.5,73.72,74.56,77.14
2021-07-12,23.2,13.3,3.6,73.54,74.21,76.77
2021-07-13,38.6,25.1,16.0,74.36,75.24,77.5
2021-07-14,37.9,25.2,17.3,73.48,73.06,75.74
2021-07-15,37.6,26.9,16.0,72.83,71.67,74.53
2021-07-16,35.6,27.6,19.4,72.92,71.76,74.46
2021-07-19,35.5,27.9,16.1,71.01,66.45,69.33
2021-07-20,36.4,26.2,16.7,71.28,67.32,70.03
2021-07-21,37.8,26.5,17.3,72.28,70.26,72.54
2021-07-22,36.8,28.3,16.1,72.81,72.15,74.25
2021-07-23,39.6,29.1,16.2,72.87,72.24,74.86
2021-07-26,37.7,29.7,18.3,72.83,72.15,74.79
2021-07-27,37.2,27.9,16.4,72.81,71.68,74.87
2021-07-28,38.4,27.9,16.3,72.81,72.37,75.09
2021-07-29,38.2,29.4,16.3,72.89,73.62,76.3
2021-07-30,37.8,29.2,15.4,72.9,73.93,77.72
2021-08-02,22.3,14.9,0.9,71.37,71.31,73.91
2021-08-03,21.4,13.9,8.2,70.95,70.64,73.24
2021-08-04,25.3,21.7,7.2,69.39,68.19,70.99
2021-08-05,32.1,23.5,6.3,70.22,69.1,72.14
2021-08-06,35.1,28.6,15.5,69.74,68.26,71.02
2021-08-09,35.4,25.7,16.2,68.49,66.56,69.65
2021-08-10,32.9,23.7,15.3,69.71,68.33,71.14
2021-08-11,27.5,15.3,8.6,70.42,69.3,71.99
2021-08-12,23.6,15.2,5.7,70.44,69.12,71.79
2021-08-13,36.5,27.4,14.9,70.05,68.36,70.9
2021-08-16,36.8,26.3,15.3,69.53,67.44,70.07
2021-08-17,36.2,28.2,16.6,69.33,66.5,69.4
2021-08-18,36.0,26.7,16.9,68.95,65.36,68.61
2021-08-19,35.7,28.1,13.6,68.03,63.69,66.8
2021-08-20,35.4,28.8,14.9,67.6,62.25,65.51
2021-08-23,36.7,28.4,15.4,68.76,65.65,69.07
2021-08-24,36.6,28.9,16.3,69.31,67.5,71.21
2021-08-25,35.9,29.0,15.4,69.45,68.54,72.12
2021-08-26,35.5,27.8,14.3,69.24,67.42,70.42
2021-08-27,37.8,27.3,12.7,69.44,68.84,72.26
2021-08-31,35.9,29.3,13.9,69.49,68.43,73.45
2021-09-01,18.4,6.9,-0.6,69.92,68.63,71.99
2021-09-02,22.0,18.8,-0.3,71.22,70.07,73.56
2021-09-03,24.4,18.1,7.9,70.64,69.34,73.07
2021-09-07,36.9,23.9,14.3,69.71,68.49,71.52
2021-09-08,40.3,29.1,15.0,70.38,69.36,72.36
2021-09-09,35.9,26.2,15.1,69.63,68.26,71.32
2021-09-10,32.7,23.6,13.3,70.7,69.82,72.44
2021-09-13,35.9,23.7,13.3,71.11,70.54,72.97
2021-09-14,34.7,22.2,14.0,71.19,70.53,73.05
2021-09-15,35.7,23.6,14.6,72.09,72.59,74.84
2021-09-16,35.7,23.5,15.3,72.07,72.69,75.14
2021-09-17,35.2,25.7,16.4,71.92,72.09,74.64
2021-09-20,34.4,27.7,12.9,71.36,70.41,73.59
2021-09-21,34.1,28.4,14.2,71.57,70.51,73.65
2021-09-22,33.4,21.8,15.3,72.14,72.37,75.5
2021-09-23,33.4,20.3,14.8,72.35,73.43,76.44
2021-09-24,34.9,20.7,16.4,72.45,74.18,77.42
2021-09-27,33.3,24.9,11.9,72.61,75.54,78.85
2021-09-28,33.9,24.2,9.7,72.63,75.44,78.3
2021-09-29,34.4,24.4,9.2,72.57,75.06,77.86
2021-09-30,33.9,24.8,11.1,72.61,75.22,77.81
2021-10-01,18.9,3.2,3.5,76.77,76.01,79.4
2021-10-04,31.3,21.6,1.9,78.52,77.68,81.44
2021-10-05,29.9,27.1,10.7,79.71,79.17,82.72
2021-10-06,34.0,27.7,17.8,78.69,77.66,81.39
2021-10-07,38.5,27.6,15.3,79.45,78.46,82.34
2021-10-08,39.0,29.0,14.9,79.76,79.55,82.17
2021-10-11,27.6,20.6,7.5,80.68,80.64,83.75
2021-10-12,23.6,24.6,2.6,80.58,80.75,83.53
2021-10-13,32.3,26.4,12.7,80.45,80.67,83.53
2021-10-14,31.4,25.1,11.6,80.95,81.43,83.86
2021-10-15,31.8,25.7,6.2,81.51,82.39,84.67
2021-10-18,31.9,17.2,13.4,81.31,82.62,84.13
2021-10-19,31.4,19.7,14.7,81.61,83.19,85.02
2021-10-20,31.0,23.6,10.1,81.81,84.4,85.76
2021-10-21,30.7,24.6,6.9,81.44,82.64,84.58
2021-10-22,31.0,23.7,8.2,81.61,84.53,85.43
2021-10-25,29.7,25.7,9.0,81.73,84.64,84.85
2021-10-26,30.7,24.9,12.3,81.82,85.64,85.11
2021-10-27,29.6,21.3,14.6,81.6,82.66,84.12
2021-10-28,29.2,18.7,11.9,81.55,82.78,83.4
2021-10-29,29.0,15.7,10.0,81.58,83.5,83.1
2021-11-01,19.0,2.7,5.9,82.38,84.08,84.51
2021-11-03,25.1,21.5,6.7,80.16,80.82,81.1
2021-11-04,32.3,20.1,1.7,78.95,78.88,80.15
2021-11-05,30.1,24.9,11.2,80.94,81.25,82.43
2021-11-08,37.8,29.2,14.8,81.62,81.96,83.22
2021-11-09,36.4,24.2,16.8,82.58,84.12,84.52
2021-11-10,32.7,24.3,11.2,81.27,81.23,82.91
2021-11-11,27.3,17.9,9.6,81.67,81.47,83.4
2021-11-12,23.4,14.4,3.4,81.48,80.87,82.9
2021-11-15,27.6,19.1,9.3,81.41,80.85,81.94
2021-11-16,26.7,21.0,8.7,81.67,80.76,82.85
2021-11-17,27.4,22.6,7.1,80.76,78.32,80.67
2021-11-18,27.2,15.4,12.9,81.11,78.92,82.45
2021-11-19,26.0,11.7,12.7,80.33,76.11,80.24
2021-11-22,28.0,14.9,4.7,80.55,76.74,80.97
2021-11-23,28.1,13.3,6.2,81.22,78.32,83.43
2021-11-24,27.6,19.3,6.2,81.2,78.32,82.37
2021-11-29,25.2,12.8,2.9,80.31,69.88,73.34
2021-11-30,25.2,14.5,8.9,80.28,66.14,70.86
2021-12-01,19.0,5.5,1.1,67.73,65.44,69.53
2021-12-03,30.1,22.2,4.2,68.91,66.39,70.71
2021-12-06,33.9,28.8,14.8,71.65,69.62,73.38
2021-12-07,38.1,24.8,15.8,73.54,71.94,75.54
2021-12-08,36.0,28.6,14.4,73.69,72.43,75.94
2021-12-09,37.1,24.7,12.8,72.72,70.87,74.1
2021-12-10,33.4,26.1,10.6,73.19,71.71,74.98
2021-12-13,23.4,15.4,6.3,72.71,71.19,74.12
2021-12-14,23.9,22.3,7.2,72.22,70.57,73.37
2021-12-15,23.7,23.2,9.9,72.38,70.89,73.71
2021-12-16,24.1,23.3,9.1,73.02,72.34,74.64
2021-12-17,23.4,22.7,4.0,72.43,70.93,72.97
2021-12-20,23.3,8.5,3.9,71.65,68.69,70.51
2021-12-21,23.8,8.1,2.4,72.42,71.1,72.85
2021-12-22,23.2,13.1,1.8,72.71,72.82,74.69
2021-12-23,23.0,17.6,3.9,72.99,73.89,76.26
2021-12-29,22.8,23.2,5.4,73.21,76.58,78.63
2021-12-30,23.8,22.2,10.6,73.2,76.83,78.61
2021-12-31,21.4,23.3,9.7,73.19,75.33,77.24
2022-01-03,22.4,11.7,3.6,77.03,75.99,78.25
2022-01-04,25.4,18.0,4.1,78.03,77.0,79.39
2022-01-05,29.1,25.4,11.1,78.81,77.83,80.6
2022-01-06,36.6,27.8,12.4,79.69,79.47,81.99
2022-01-07,36.2,24.8,14.6,79.53,79.0,82.28
2022-01-10,32.6,19.6,11.2,78.89,78.11,81.56
2022-01-11,28.9,16.5,10.6,80.79,81.17,84.98
2022-01-12,26.9,9.8,5.8,81.34,82.51,85.83
2022-01-13,21.2,12.5,7.3,81.3,81.97,85.8
2022-01-14,21.9,14.9,6.9,82.27,83.82,87.17
2022-01-18,24.6,15.0,6.0,83.22,85.42,88.83
2022-01-19,23.2,17.9,7.2,83.56,86.84,89.64
2022-01-20,22.4,5.7,3.4,83.5,86.29,89.75
2022-01-21,19.1,3.8,4.6,83.29,85.16,89.75
2022-01-24,18.9,8.6,6.4,82.87,84.48,87.74
2022-01-25,20.7,10.6,5.2,83.21,86.61,89.49
2022-01-26,21.5,7.5,7.7,83.39,88.33,91.22
2022-01-27,22.2,9.6,7.4,83.33,87.61,90.7
2022-01-28,21.7,8.8,6.6,83.36,87.67,91.47
2022-01-31,21.5,13.6,5.3,83.45,89.16,92.35
2022-02-01,23.4,3.3,8.5,87.42,88.22,90.24
2022-02-02,21.1,17.2,8.1,87.77,88.16,91.43
2022-02-03,21.7,13.9,2.7,89.16,90.17,92.99
2022-02-04,26.6,20.4,3.9,91.06,92.27,96.86
2022-02-07,36.2,28.8,14.7,90.76,91.25,97.28
2022-02-08,38.1,29.7,19.7,89.28,89.32,96.07
2022-02-09,34.3,26.4,14.4,89.88,89.57,94.95
2022-02-10,31.7,19.7,12.0,89.92,89.83,96.37
2022-02-11,29.3,19.6,8.4,91.79,93.1,97.5
2022-02-14,20.9,10.3,5.4,92.61,95.52,101.66
2022-02-15,23.3,15.0,4.4,90.86,92.07,98.43
2022-02-16,22.3,19.8,7.1,91.56,93.83,97.44
2022-02-17,20.5,17.8,4.4,90.67,91.78,95.28
2022-02-18,20.8,6.4,2.9,90.9,91.26,96.18
2022-02-22,21.6,21.9,6.5,91.84,92.11,98.73
2022-02-23,21.9,9.2,6.2,91.7,92.14,99.29
2022-02-24,21.8,5.7,1.9,92.07,92.77,101.29
2022-02-25,22.8,4.7,5.6,91.93,91.68,98.56
2022-02-28,24.4,9.2,7.6,92.34,96.13,103.08
2022-03-01,24.1,3.7,4.8,102.0,103.66,110.93
2022-03-02,21.8,2.9,8.9,109.4,110.74,118.94
2022-03-03,22.4,15.8,6.3,106.58,107.69,115.36
2022-03-04,26.8,20.1,5.4,114.95,115.77,123.86
2022-03-07,35.7,29.3,14.8,118.18,119.26,129.02
2022-03-08,38.2,29.4,17.3,122.53,123.64,133.18
2022-03-09,35.2,24.9,16.6,110.86,108.81,116.58
2022-03-10,33.2,21.7,12.4,110.2,105.93,114.54
2022-03-11,30.1,24.0,7.4,112.59,109.31,118.11
2022-03-14,29.2,17.6,7.6,109.18,103.22,110.39
2022-03-15,29.9,16.3,6.3,105.76,96.42,105.14
2022-03-16,30.4,16.6,6.4,104.89,94.85,104.61
2022-03-17,23.8,18.5,5.2,108.78,102.97,113.5
2022-03-18,22.3,17.4,5.6,108.99,104.69,114.32
2022-03-21,23.8,20.4,3.7,111.73,112.14,122.29
2022-03-22,25.7,17.0,5.2,111.43,111.03,121.53
2022-03-23,28.5,13.4,6.8,112.59,114.89,127.52
2022-03-24,29.4,13.9,8.2,111.82,114.2,123.98
2022-03-25,31.3,16.7,10.3,112.1,116.2,122.67
2022-03-28,23.6,21.3,6.9,110.84,107.55,114.5
2022-03-29,23.2,22.7,5.1,110.55,104.25,112.79
2022-03-30,24.0,20.9,3.0,110.89,107.81,115.59
2022-03-31,25.7,16.2,2.9,110.89,100.53,107.29
2022-04-01,22.7,9.9,2.3,101.85,99.32,106.13
2022-04-04,27.1,20.3,10.8,104.77,103.29,108.15
2022-04-05,28.4,25.7,12.8,103.27,101.98,106.6
2022-04-06,33.7,26.9,11.4,98.81,96.39,100.81
2022-04-07,36.5,29.0,14.5,98.42,96.05,99.83
2022-04-08,37.1,29.9,14.7,99.72,98.35,101.26
2022-04-11,30.1,24.7,6.2,97.02,94.22,97.92
2022-04-12,25.5,17.6,6.6,101.49,100.52,104.42
2022-04-13,33.1,23.2,9.7,103.7,104.26,108.49
2022-04-14,33.9,20.2,8.0,104.82,106.84,110.83
2022-04-19,26.4,18.5,7.9,103.09,102.54,105.49
2022-04-20,26.9,23.2,6.3,103.12,102.56,105.05
2022-04-21,28.4,24.2,8.0,103.85,103.89,107.2
2022-04-22,30.2,23.4,9.6,103.43,102.86,105.15
2022-04-25,32.4,21.4,8.4,102.3,99.6,99.27
2022-04-26,32.7,20.1,7.3,102.69,102.62,102.89
2022-04-27,31.8,20.2,6.8,102.69,101.96,103.3
2022-04-28,32.6,21.9,6.8,102.76,105.47,105.78
2022-04-29,33.4,23.1,9.3,102.79,104.59,108.36
2022-05-03,26.2,21.7,3.6,103.39,102.53,104.94
2022-05-04,28.9,24.3,4.6,105.97,107.84,110.53
2022-05-05,30.0,24.4,12.0,106.4,108.17,112.11
2022-05-06,35.1,27.1,10.2,107.57,109.72,113.86
2022-05-09,35.1,25.6,16.9,102.79,103.08,106.67
2022-05-10,32.4,21.4,11.6,100.43,99.74,102.61
2022-05-11,29.1,17.4,6.3,104.56,105.5,107.7
2022-05-12,26.2,21.7,5.2,104.66,106.15,108.06
2022-05-13,29.5,25.2,12.2,107.23,110.52,112.12
2022-05-16,32.5,26.8,9.7,108.4,114.07,114.86
2022-05-17,30.6,26.2,11.3,106.88,112.31,112.89
2022-05-18,31.1,27.0,14.4,105.53,109.67,110.04
2022-05-19,32.6,27.2,14.4,106.99,112.21,113.22
2022-05-20,32.9,28.0,13.1,107.21,112.63,113.63
2022-05-23,32.9,21.6,12.3,107.32,110.32,115.13
2022-05-24,34.0,22.9,11.4,107.17,112.55,115.77
2022-05-25,32.1,22.0,12.6,107.17,112.88,116.41
2022-05-26,32.8,24.9,11.5,107.64,116.19,119.81
2022-05-27,33.4,26.4,12.7,107.75,114.96,121.19
2022-05-31,32.0,27.9,9.2,108.13,114.38,125.53
2022-06-01,20.8,14.6,2.8,110.91,115.26,122.2
2022-06-03,25.2,22.6,3.1,113.83,118.97,125.68
2022-06-06,35.8,27.6,10.7,114.01,118.41,124.99
2022-06-07,37.3,28.6,16.8,115.29,119.55,126.89
2022-06-08,37.8,26.6,14.5,117.5,121.94,129.2
2022-06-09,35.6,26.2,15.8,117.09,121.52,128.47
2022-06-10,32.1,22.7,12.9,116.67,120.73,127.44
2022-06-13,35.7,29.6,13.1,116.64,120.92,128.44
2022-06-14,36.2,28.9,13.7,115.71,118.92,127.02
2022-06-15,36.7,29.1,16.4,114.35,115.32,124.96
2022-06-16,36.6,29.5,16.8,115.34,117.56,125.78
2022-06-17,34.6,29.1,16.1,112.72,109.56,119.22
2022-06-21,36.6,28.7,15.5,113.34,110.49,118.51
2022-06-22,37.6,29.0,16.9,112.34,106.22,115.54
2022-06-23,37.6,30.2,17.3,111.86,105.75,114.5
2022-06-24,36.6,29.7,16.9,112.3,109.07,117.36
2022-06-27,36.6,29.1,15.6,112.7,111.44,119.69
2022-06-28,35.5,28.6,14.2,113.11,113.66,122.21
2022-06-29,35.6,27.9,15.0,113.02,111.65,120.8
2022-06-30,35.4,24.3,14.8,113.24,107.76,119.78
2022-07-01,19.7,7.0,1.4,107.89,110.3,119.21
2022-07-05,35.3,26.6,10.1,100.73,101.55,110.49
2022-07-06,36.4,28.1,10.4,98.98,100.31,108.54
2022-07-07,36.5,29.4,18.2,102.02,104.62,113.4
2022-07-08,39.8,27.2,17.6,104.22,106.78,113.95
2022-07-11,28.9,24.3,9.9,104.28,106.09,114.85
2022-07-12,26.2,23.0,2.3,99.14,97.69,106.98
2022-07-13,35.9,30.3,15.7,100.0,98.44,107.17
2022-07-14,37.1,28.3,14.7,99.7,97.79,107.74
2022-07-15,38.8,27.5,14.8,101.03,99.59,112.26
2022-07-18,37.7,29.8,22.6,103.58,104.48,117.27
2022-07-19,37.3,30.3,21.9,103.78,106.12,114.96
2022-07-20,36.9,30.4,16.4,103.54,104.45,115.86
2022-07-21,38.1,30.0,15.3,102.55,98.44,112.81
2022-07-22,38.4,26.7,14.3,102.32,97.71,106.77
2022-07-25,37.7,29.6,15.3,102.63,99.83,108.23
2022-07-26,34.9,29.5,14.7,102.66,97.74,107.32
2022-07-27,30.8,29.3,13.8,102.75,100.03,109.64
2022-07-28,31.9,29.1,15.4,102.8,99.11,109.68
2022-07-29,33.4,29.3,17.3,103.12,101.31,111.51
2022-08-01,19.7,17.4,2.7,97.87,96.59,106.09
2022-08-02,20.8,9.1,7.1,99.4,97.14,106.51
2022-08-03,29.6,7.3,5.6,95.97,93.25,101.82
2022-08-04,31.9,15.1,5.5,94.08,91.29,97.99
2022-08-05,34.3,27.4,11.2,94.41,91.77,100.31
2022-08-08,40.0,27.7,17.5,96.04,93.52,103.46
2022-08-09,34.4,26.1,16.2,95.97,93.18,103.81
2022-08-10,33.2,24.1,9.9,96.87,94.68,105.06
2022-08-11,30.2,23.5,10.4,98.18,97.02,107.19
2022-08-12,26.1,22.9,1.3,96.48,94.86,103.7
2022-08-15,36.3,28.4,16.2,94.97,92.24,98.25
2022-08-16,35.9,28.8,14.7,93.46,89.23,95.36
2022-08-17,36.2,29.3,13.1,94.04,90.85,97.22
2022-08-18,35.4,26.3,16.3,95.18,93.2,96.35
2022-08-19,36.2,24.1,15.2,95.39,93.55,96.45
2022-08-22,36.7,28.6,12.9,95.39,93.42,95.06
2022-08-23,37.4,27.4,17.5,96.41,96.46,99.49
2022-08-24,38.1,26.9,15.8,96.46,95.52,99.87
2022-08-25,38.6,28.1,14.9,96.23,93.33,98.81
2022-08-26,37.7,27.8,14.4,96.53,93.63,101.13
2022-08-30,34.8,26.4,13.2,96.51,92.08,99.34
2022-08-31,34.6,28.1,12.4,96.6,90.09,96.55
2022-09-01,19.9,19.9,1.6,92.08,87.09,92.24
2022-09-02,20.2,10.9,4.2,92.6,87.29,93.09
2022-09-06,36.1,29.1,14.5,93.13,87.35,91.43
2022-09-07,35.2,30.6,17.9,89.36,82.5,86.83
2022-09-08,38.6,28.7,20.2,90.17,84.04,87.99
2022-09-09,34.4,25.8,15.0,92.78,87.27,91.68
2022-09-12,25.6,22.5,1.9,93.36,88.18,93.45
2022-09-13,35.1,24.5,14.5,92.51,87.84,92.04
2022-09-14,36.1,24.0,13.0,93.35,88.88,92.83
2022-09-15,36.2,25.2,11.4,91.98,85.72,89.28
2022-09-16,34.4,25.7,10.2,92.26,85.57,89.43
2022-09-20,35.1,27.6,14.8,91.9,84.69,89.62
2022-09-21,35.3,27.2,14.8,91.81,83.38,89.86
2022-09-22,34.4,27.8,14.7,92.18,84.02,90.4
2022-09-23,33.9,27.8,12.0,91.02,79.07,84.29
2022-09-26,33.2,25.6,10.2,90.5,77.17,82.55
2022-09-27,32.9,22.1,9.3,90.72,78.91,85.97
2022-09-28,32.7,22.1,11.1,90.9,82.61,89.55
2022-09-29,32.5,20.8,12.9,90.81,81.78,89.41
2022-09-30,33.2,19.1,11.8,90.91,79.91,88.9
2022-10-03,29.8,13.0,9.4,88.03,84.05,90.68
2022-10-04,31.7,21.4,5.9,90.9,86.87,93.74
2022-10-05,28.9,26.8,12.1,92.12,88.22,94.35
2022-10-06,35.4,29.2,15.6,92.98,88.9,95.65
2022-10-07,37.1,31.3,21.1,95.8,93.07,98.88
2022-10-10,31.5,21.5,8.8,94.42,91.6,97.13
2022-10-11,29.5,21.9,14.7,92.93,89.75,95.17
2022-10-12,25.2,22.3,2.1,91.58,87.83,93.44
2022-10-13,32.2,23.8,8.8,92.42,89.59,95.16
2022-10-14,32.0,21.9,8.7,90.79,86.1,92.22
2022-10-17,32.2,19.3,11.8,90.71,86.0,91.04
2022-10-18,30.9,13.1,10.1,89.92,83.29,89.46
2022-10-19,30.2,10.6,10.7,90.53,86.0,91.34
2022-10-20,30.9,16.9,11.3,90.54,86.02,91.52
2022-10-21,31.2,20.4,11.9,90.95,85.47,91.82
2022-10-24,30.6,24.7,12.2,90.88,86.12,91.57
2022-10-25,30.4,15.9,11.6,90.84,86.93,91.76
2022-10-26,30.2,14.3,13.3,91.16,89.39,92.93
2022-10-27,30.3,16.7,12.5,91.26,89.06,94.17
2022-10-28,29.9,17.9,13.1,91.11,87.85,94.64
2022-10-31,29.1,17.9,11.8,91.13,86.54,93.3
2022-11-01,20.8,8.5,4.6,91.22,88.36,95.12
2022-11-02,22.5,13.8,2.3,91.87,90.06,96.07
2022-11-03,30.8,11.2,8.1,89.5,88.14,95.29
2022-11-04,28.8,23.4,7.1,93.63,92.58,99.53
2022-11-07,36.1,31.1,20.4,92.68,91.8,99.87
2022-11-08,38.2,26.8,20.5,90.62,88.8,96.85
2022-11-09,34.0,26.8,13.9,88.8,85.79,93.05
2022-11-10,30.6,21.9,10.1,89.36,86.52,94.25
2022-11-11,29.7,17.9,15.7,91.11,89.14,96.37
2022-11-14,28.6,9.1,10.6,89.5,85.85,93.59
2022-11-15,28.3,7.9,9.6,89.44,86.87,94.3
2022-11-16,28.6,6.8,6.9,88.94,85.62,92.61
2022-11-17,28.6,8.6,8.8,87.59,81.69,91.0
2022-11-18,28.3,10.7,9.6,86.86,80.07,88.93
2022-11-21,27.5,7.1,3.8,86.62,79.74,88.44
2022-11-22,26.2,10.1,5.6,86.6,80.83,88.65
2022-11-23,27.3,15.5,5.1,85.88,77.93,85.9
2022-11-25,26.3,15.4,7.9,85.79,76.45,83.4
2022-11-28,26.6,15.3,6.0,85.97,77.1,83.5
2022-11-29,27.3,22.4,2.7,86.19,77.96,83.22
2022-11-30,27.3,13.0,3.2,86.22,80.48,85.61
2022-12-01,20.9,11.1,8.4,80.94,81.06,86.28
2022-12-02,23.4,8.4,7.8,80.1,79.86,86.54
2022-12-05,30.4,24.7,10.9,77.52,76.83,83.36
2022-12-06,34.4,29.9,13.3,75.12,74.21,79.92
2022-12-07,34.9,31.2,19.8,73.88,71.93,77.11
2022-12-08,39.4,28.1,14.6,73.45,71.3,76.02
2022-12-09,33.6,25.3,15.6,73.71,71.05,76.37
2022-12-12,23.1,18.3,-3.8,75.13,72.96,78.0
2022-12-13,24.1,22.4,-3.7,76.62,75.44,80.14
2022-12-14,24.9,14.7,-1.6,77.67,77.14,83.33
2022-12-15,25.2,9.7,0.2,76.9,75.89,82.34
2022-12-16,24.9,9.7,0.4,75.89,74.19,80.2
2022-12-19,23.8,8.6,7.2,76.31,75.05,81.66
2022-12-20,24.1,9.8,5.8,76.4,75.92,79.45
2022-12-21,23.8,6.6,6.3,77.1,78.17,80.25
2022-12-22,23.9,4.6,4.0,76.87,77.68,79.58
2022-12-23,23.9,-4.9,5.7,77.48,79.57,82.45
2022-12-28,21.7,14.8,5.9,77.39,78.89,81.7
2022-12-29,20.6,20.4,4.4,77.24,78.43,80.96
2022-12-30,22.2,16.8,5.7,77.2,80.16,82.82
2023-01-03,25.3,23.6,5.6,77.91,76.87,80.36
2023-01-04,25.4,23.3,5.7,74.69,72.82,75.31
2023-01-05,31.8,20.9,9.0,75.46,73.61,76.73
2023-01-06,33.0,25.4,10.9,75.4,73.77,76.41
2023-01-09,35.7,29.0,12.4,76.43,74.69,77.5
2023-01-10,33.7,26.9,13.6,77.06,75.11,78.4
2023-01-11,31.7,8.1,8.1,78.68,77.46,81.11
2023-01-12,25.4,19.8,-1.9,79.39,78.32,82.59
2023-01-13,19.9,9.2,6.2,80.02,79.9,83.43
2023-01-17,23.2,21.3,-0.1,80.66,80.25,84.38
2023-01-18,22.5,19.1,2.4,80.19,79.53,83.78
2023-01-19,22.1,13.5,0.3,80.49,80.31,85.08
2023-01-20,20.8,9.8,0.8,81.0,81.27,86.96
2023-01-23,19.4,8.8,7.4,81.07,81.62,87.54
2023-01-24,20.1,10.3,8.9,80.6,79.86,85.25
2023-01-25,18.3,6.7,8.2,80.57,79.78,85.08
2023-01-26,17.4,6.9,4.1,80.74,80.64,86.29
2023-01-27,15.9,8.8,1.4,80.58,79.73,85.36
2023-01-30,19.2,6.9,6.6,80.42,77.97,84.9
2023-01-31,21.7,4.6,5.9,80.38,78.95,83.42
2023-02-01,22.8,22.3,0.8,80.32,76.34,81.61
2023-02-02,23.2,4.7,8.4,80.07,75.87,80.57
2023-02-03,25.6,23.7,5.9,78.1,73.4,78.85
2023-02-06,32.4,26.4,10.8,78.97,74.11,80.48
2023-02-07,34.7,28.1,14.1,81.19,77.17,82.92
2023-02-08,38.2,30.9,15.1,82.17,78.47,84.17
2023-02-09,36.1,29.2,15.1,81.86,78.04,83.46
2023-02-10,33.3,26.3,12.3,83.15,79.74,85.46
2023-02-13,24.9,14.3,4.4,83.52,80.14,85.98
2023-02-14,25.4,20.3,3.1,83.05,79.08,84.96
2023-02-15,26.6,21.0,5.3,82.95,78.57,84.11
2023-02-16,26.8,14.3,7.3,82.83,78.45,83.84
2023-02-17,22.7,5.7,9.3,82.07,76.31,81.97
2023-02-21,21.1,22.5,9.6,82.17,76.28,82.14
2023-02-22,21.7,22.0,6.6,81.69,73.95,79.55
2023-02-23,23.2,23.5,4.8,81.98,75.26,82.08
2023-02-24,25.6,22.9,6.8,82.12,76.19,82.31
2023-02-27,27.6,21.8,2.7,82.05,75.57,81.24
2023-02-28,27.7,22.3,6.2,82.08,76.88,83.21
2023-03-01,22.9,20.3,2.9,82.35,77.57,83.68
2023-03-02,23.3,8.6,9.0,83.06,78.05,84.15
2023-03-03,26.7,16.1,4.8,84.31,79.62,85.74
2023-03-06,33.2,27.2,11.7,84.4,80.39,85.86
2023-03-07,34.7,29.2,13.8,82.07,77.45,83.03
2023-03-08,39.4,30.8,16.4,81.97,76.56,82.1
2023-03-09,36.0,30.0,18.1,81.24,75.6,81.0
2023-03-10,34.3,23.9,12.1,82.16,76.55,82.3
2023-03-13,28.1,14.5,5.4,81.01,74.68,79.67
2023-03-14,26.6,13.2,1.9,79.2,71.18,76.77
2023-03-15,27.1,14.0,1.7,77.25,67.38,74.3
2023-03-16,27.4,19.6,7.1,77.85,68.15,73.12
2023-03-17,24.9,10.2,9.8,77.14,66.61,71.03
2023-03-20,26.1,8.9,6.4,77.37,67.56,72.42
2023-03-21,26.3,18.3,10.6,77.97,69.4,74.78
2023-03-22,24.2,22.3,9.4,78.35,70.71,76.08
2023-03-23,23.3,23.1,8.7,78.13,69.77,74.31
2023-03-24,22.9,22.2,8.2,77.86,69.22,73.63
2023-03-27,28.2,20.4,2.7,78.4,72.87,76.8
2023-03-28,26.1,19.9,4.6,78.45,73.12,78.07
2023-03-29,24.6,16.3,9.2,78.41,72.95,77.51
2023-03-30,23.7,20.2,10.3,78.47,74.32,78.45
2023-03-31,24.1,24.1,7.5,78.49,75.68,79.19
2023-04-03,24.3,16.4,4.2,84.69,80.4,85.81
2023-04-04,22.7,24.7,6.6,84.47,80.7,85.7
2023-04-05,28.1,23.1,8.6,84.59,80.69,85.89
2023-04-06,33.6,24.2,11.7,84.99,80.7,86.56
2023-04-11,29.8,19.0,6.7,85.19,81.54,87.32
2023-04-12,26.3,12.8,5.0,86.35,83.26,88.31
2023-04-13,32.0,18.6,6.6,85.61,82.16,86.51
2023-04-14,28.9,20.8,6.7,85.64,82.58,87.31
2023-04-17,25.8,17.1,9.4,84.95,80.93,85.63
2023-04-18,25.8,19.2,7.4,85.0,80.85,85.48
2023-04-19,25.7,22.6,7.9,84.36,79.18,85.34
2023-04-20,25.9,22.8,7.7,83.55,77.27,83.29
2023-04-21,27.2,20.9,8.8,83.71,77.86,83.36
2023-04-24,29.3,16.8,5.2,83.9,78.64,84.23
2023-04-25,30.2,19.6,4.6,83.62,77.05,82.13
2023-04-26,29.3,22.3,5.6,83.23,74.33,79.19
2023-04-27,27.9,19.2,8.0,83.32,74.77,80.11
2023-04-28,27.8,20.6,9.4,83.41,76.78,81.32
2023-05-02,21.1,15.5,3.3,75.01,71.71,76.71
2023-05-03,24.4,17.2,4.4,72.28,68.62,72.91
2023-05-04,23.1,20.9,9.8,72.5,68.52,73.0
2023-05-05,27.9,26.7,8.6,74.88,71.32,75.85
2023-05-09,35.4,29.7,14.7,76.55,73.68,77.76
2023-05-10,33.8,23.1,11.9,75.64,72.53,76.7
2023-05-11,29.3,20.2,7.8,74.74,70.81,75.32
2023-05-12,26.3,11.5,2.2,74.01,70.02,74.54
2023-05-15,30.7,25.3,10.0,74.54,71.07,75.46
2023-05-16,30.9,24.3,11.2,74.42,70.85,75.15
2023-05-17,33.9,24.2,12.1,75.18,72.78,76.98
2023-05-18,34.1,25.0,13.1,74.76,71.82,75.75
2023-05-19,36.3,26.7,13.0,74.61,71.57,75.42
2023-05-22,34.5,23.6,11.3,74.77,71.81,75.77
2023-05-23,34.4,23.9,12.8,74.99,72.87,76.66
2023-05-24,33.7,24.1,13.7,75.41,74.37,77.99
2023-05-25,34.4,24.0,12.7,75.0,71.68,75.66
2023-05-26,34.9,25.3,12.6,75.14,72.35,76.33
2023-05-30,34.8,24.8,11.4,74.95,69.45,73.38
2023-05-31,34.1,25.0,11.7,74.93,68.11,71.98
2023-06-01,22.0,16.7,7.1,72.75,70.09,74.18
2023-06-02,22.2,17.2,6.2,74.41,71.76,76.0
2023-06-05,28.6,24.8,8.7,75.14,72.14,76.61
2023-06-06,37.8,22.9,11.8,75.5,71.71,76.22
2023-06-07,36.4,25.9,14.2,75.83,72.52,76.85
2023-06-08,40.4,30.9,12.9,75.2,71.28,75.88
2023-06-09,36.6,30.6,15.8,74.38,70.16,74.74
2023-06-12,25.9,11.7,-0.7,72.41,67.08,71.8
2023-06-13,36.0,28.0,15.4,73.89,69.39,74.24
2023-06-14,35.2,28.9,16.8,73.42,68.22,73.39
2023-06-15,34.7,29.8,15.0,74.69,70.61,75.75
2023-06-16,34.1,29.6,15.3,75.2,71.81,76.76
2023-06-20,36.7,29.8,15.9,75.1,70.94,75.79
2023-06-21,36.4,29.7,17.9,75.7,72.55,76.92
2023-06-22,35.6,28.6,16.8,74.91,69.22,73.93
2023-06-23,34.6,29.0,16.3,74.88,68.91,73.56
2023-06-26,35.8,30.1,15.7,74.93,69.09,73.86
2023-06-27,37.6,30.3,15.2,74.78,67.68,71.88
2023-06-28,36.3,29.9,16.5,74.94,69.54,73.64
2023-06-29,36.3,29.7,14.4,74.95,69.85,73.86
2023-06-30,35.4,29.8,14.6,74.99,70.66,74.51
2023-07-03,25.1,23.1,0.8,74.91,69.71,74.52
2023-07-05,29.2,24.3,9.2,76.42,71.78,76.74
2023-07-06,35.1,25.2,11.6,76.54,71.76,76.72
2023-07-07,38.8,27.4,17.6,78.24,73.91,78.77
2023-07-11,28.7,22.9,7.8,78.79,74.87,79.54
2023-07-12,25.3,13.6,6.0,79.07,75.77,80.35
2023-07-13,37.1,30.6,15.8,79.89,76.86,81.31
2023-07-14,39.5,30.4,14.1,79.31,75.44,79.9
2023-07-17,37.1,30.4,14.2,78.83,74.17,77.8
2023-07-18,36.4,30.5,13.7,79.33,75.76,79.54
2023-07-19,36.2,30.2,14.7,79.3,75.4,79.38
2023-07-20,36.3,30.0,13.8,79.41,75.65,79.62
2023-07-21,38.7,30.1,13.8,79.9,77.06,81.06
2023-07-24,37.8,30.1,13.1,80.3,78.81,82.53
2023-07-25,38.7,29.6,13.3,80.49,79.76,83.46
2023-07-26,38.2,29.4,13.2,80.29,79.11,82.98
2023-07-27,37.2,29.3,14.8,80.42,80.17,84.28
2023-07-28,37.8,29.1,17.2,80.43,80.55,84.49
2023-07-31,35.6,31.7,14.1,80.44,81.8,85.22
2023-08-01,21.5,15.3,5.9,85.58,81.37,85.34
2023-08-02,24.3,16.8,7.0,84.32,79.5,84.01
2023-08-03,27.2,23.2,-1.4,86.18,81.56,86.19
2023-08-04,26.6,16.2,8.0,87.23,82.76,87.38
2023-08-07,39.4,29.2,15.2,86.75,81.94,86.47
2023-08-08,37.3,30.8,14.7,87.47,82.94,88.0
2023-08-09,36.2,29.6,17.2,88.18,84.35,89.31
2023-08-11,28.6,23.3,6.3,87.63,83.17,87.93
2023-08-14,37.2,31.3,16.0,87.2,82.5,87.4
2023-08-15,39.2,31.9,15.9,86.39,81.06,86.28
2023-08-16,39.6,29.6,16.0,85.68,79.4,84.49
2023-08-17,35.8,30.1,15.8,86.0,80.43,85.24
2023-08-18,35.0,30.7,15.4,86.44,81.25,85.92
2023-08-21,35.8,31.2,17.8,86.36,80.71,85.44
2023-08-22,36.0,30.6,17.6,86.28,80.25,84.7
2023-08-23,35.5,31.0,14.6,86.09,78.91,83.94
2023-08-24,36.7,32.8,15.2,86.18,79.52,84.07
2023-08-25,38.9,31.7,12.8,86.4,80.47,85.42
2023-08-29,37.1,28.9,14.0,86.43,81.14,86.37
2023-08-30,36.8,28.4,12.7,86.42,81.64,86.62
2023-08-31,36.3,28.3,11.8,86.46,83.55,87.29
2023-09-01,21.4,13.5,3.5,89.68,85.52,89.98
2023-09-05,34.1,20.6,13.8,90.8,86.74,91.25
2023-09-06,35.8,27.0,12.4,91.69,87.55,91.79
2023-09-07,39.3,30.2,17.5,90.86,86.87,91.16
2023-09-08,38.1,31.2,14.8,91.37,87.51,91.85
2023-09-11,29.7,22.1,4.1,91.38,87.3,91.97
2023-09-12,25.1,21.5,7.8,92.34,88.87,93.58
2023-09-13,35.5,28.0,11.3,92.18,88.59,93.04
2023-09-14,34.9,23.8,13.9,93.45,90.13,95.2
2023-09-15,36.1,24.4,11.4,93.56,90.83,95.55
2023-09-18,35.6,26.0,13.4,93.64,91.47,95.95
2023-09-19,37.7,25.9,10.2,93.15,91.16,96.11
2023-09-20,36.1,27.7,15.3,93.14,89.2,94.56
2023-09-21,35.0,28.1,11.8,93.04,89.56,93.7
2023-09-22,35.3,27.7,11.4,93.05,90.0,93.99
2023-09-25,36.5,26.1,15.4,92.91,89.68,94.01
2023-09-26,37.2,25.6,13.0,93.03,91.43,94.46
2023-09-27,35.8,27.1,11.4,93.26,93.67,97.1
2023-09-28,34.9,27.5,14.2,93.16,91.65,96.64
2023-09-29,33.3,27.3,13.5,93.31,90.77,95.86
2023-10-02,19.5,9.9,8.2,91.33,88.81,91.21
2023-10-03,28.7,20.8,2.3,91.43,89.26,94.46
2023-10-04,27.4,16.3,9.9,86.93,84.32,89.83
2023-10-05,33.9,21.1,11.2,85.5,82.3,88.28
2023-10-06,35.6,26.7,13.1,85.88,82.83,87.86
2023-10-10,33.1,21.7,16.2,88.22,85.89,90.7
2023-10-11,29.2,14.7,3.8,87.21,83.7,87.58
2023-10-12,24.7,9.1,6.1,87.37,82.87,88.4
2023-10-13,32.9,24.3,10.0,90.12,87.67,94.33
2023-10-16,32.6,13.4,6.7,89.61,86.65,90.99
2023-10-17,33.1,14.9,6.5,89.84,86.66,92.52
2023-10-18,32.2,18.8,12.2,90.53,88.35,91.99
2023-10-19,31.7,21.8,11.6,90.83,89.35,93.12
2023-10-20,31.7,21.9,9.2,90.66,89.12,93.72
2023-10-23,31.9,25.0,6.1,90.07,85.49,91.88
2023-10-24,31.6,25.2,9.7,89.54,84.58,88.0
2023-10-25,31.7,25.4,9.2,90.02,86.07,90.14
2023-10-26,27.6,25.2,9.1,89.64,83.8,88.45
2023-10-27,28.8,25.7,11.0,89.88,86.04,90.73
2023-10-30,30.9,8.7,7.4,89.68,83.03,90.73
2023-10-31,30.9,9.2,7.2,89.76,81.64,86.82
2023-11-01,21.7,22.1,5.7,85.24,81.05,86.92
2023-11-02,20.2,6.8,9.4,87.65,83.04,89.02
2023-11-03,28.7,22.7,1.2,85.93,81.19,87.55
2023-11-06,35.2,27.4,13.8,86.32,81.54,87.31
2023-11-07,38.1,30.3,15.8,83.58,77.96,83.43
2023-11-08,39.9,31.2,18.6,82.2,75.85,81.46
2023-11-09,37.3,27.3,17.2,82.44,76.34,81.74
2023-11-13,27.6,15.4,8.0,83.86,78.86,84.09
2023-11-14,27.8,16.1,7.7,83.82,78.9,84.2
2023-11-15,29.1,15.5,6.5,83.21,77.15,82.4
2023-11-16,28.1,16.2,4.3,81.51,73.5,77.73
2023-11-17,25.2,19.4,4.6,83.08,76.47,81.22
2023-11-20,27.8,21.2,9.9,83.78,78.1,83.25
2023-11-21,28.0,12.6,6.3,83.92,78.35,82.42
2023-11-22,28.1,8.7,11.4,83.76,76.8,81.76
2023-11-24,26.1,12.3,4.7,83.4,74.83,79.82
2023-11-27,26.2,7.7,4.7,83.32,74.46,79.49
2023-11-28,26.7,10.0,2.9,83.46,76.09,81.66
2023-11-29,26.8,12.1,1.4,83.49,77.56,82.98
2023-11-30,25.3,17.3,0.4,83.56,75.66,81.72
2023-12-01,20.0,15.6,5.6,79.44,73.7,78.72
2023-12-04,30.1,17.2,6.4,78.19,72.73,78.16
2023-12-05,33.8,26.9,10.1,77.48,71.95,77.27
2023-12-06,36.2,28.0,15.4,75.3,68.98,74.33
2023-12-07,36.4,30.2,15.1,75.27,69.0,74.21
2023-12-08,38.9,31.3,16.8,76.51,70.87,75.94
2023-12-11,28.3,16.1,4.1,76.77,70.95,75.75
2023-12-12,24.1,10.9,7.1,74.98,68.27,74.11
2023-12-13,24.1,11.1,4.1,74.87,69.09,74.14
2023-12-14,24.1,15.6,5.6,76.3,71.21,77.05
2023-12-15,24.2,16.0,7.9,76.34,71.05,76.84
2023-12-18,23.3,11.7,11.0,76.72,72.16,78.89
2023-12-19,23.3,10.2,5.8,77.19,73.23,79.82
2023-12-20,23.7,14.6,8.8,77.36,73.87,81.1
2023-12-21,23.2,15.7,8.8,77.27,73.59,80.73
2023-12-22,22.4,17.5,7.0,77.29,73.29,80.23
2023-12-27,24.2,10.7,5.9,77.39,74.31,80.97
2023-12-28,23.1,6.8,6.4,77.29,72.02,79.04
2023-12-29,23.9,5.9,3.6,77.33,71.89,77.69
2024-01-02,23.9,15.0,6.2,75.97,70.62,76.24
2024-01-03,20.6,14.8,2.6,78.2,72.97,77.18
2024-01-04,22.6,23.6,6.6,77.14,72.38,75.79
2024-01-08,38.9,29.1,17.1,76.16,71.06,75.47
2024-01-09,35.9,26.8,13.9,77.41,72.43,77.97
2024-01-16,23.4,-3.7,-0.5,77.7,72.63,80.15
2024-01-17,23.7,0.3,-2.0,77.45,72.79,78.88
2024-01-18,22.3,10.4,-0.7,77.99,74.32,81.04
2024-01-19,21.8,7.6,2.1,77.77,73.69,80.71
2024-01-22,22.2,12.9,6.4,78.3,75.26,81.7
2024-01-23,22.4,18.1,7.3,78.18,74.72,82.04
2024-01-24,21.6,17.1,8.4,78.33,75.48,82.15
2024-01-25,22.4,16.4,6.8,78.81,77.91,82.33
2024-01-26,23.9,14.1,6.5,78.89,78.45,83.34
2024-01-29,21.7,11.6,5.1,78.78,77.25,83.99
2024-01-30,23.3,14.2,4.1,78.83,78.3,84.14
2024-01-31,25.1,15.3,6.4,78.85,76.28,82.98
2024-02-01,23.5,7.6,5.8,78.57,74.36,82.2
2024-02-02,23.6,17.2,11.1,77.36,72.72,79.54
2024-02-05,25.8,22.7,11.3,78.08,73.21,79.3
2024-02-06,35.6,27.3,14.6,78.35,73.83,80.46
2024-02-07,37.2,30.2,13.2,78.85,74.26,81.18
2024-02-08,37.0,30.0,17.1,80.56,76.67,83.01
2024-02-09,36.7,27.5,14.7,80.66,77.26,83.58
2024-02-13,22.2,10.4,4.2,81.1,78.28,84.72
2024-02-14,23.8,11.9,3.7,80.41,77.09,84.41
2024-02-15,24.7,16.8,7.6,81.02,78.47,84.33
2024-02-16,25.4,17.6,7.9,81.24,79.65,84.88
2024-02-20,21.7,15.6,8.7,80.78,78.72,84.78
2024-02-21,22.3,18.7,6.1,81.02,78.89,84.77
2024-02-22,21.3,20.4,4.5,81.19,79.64,85.84
2024-02-23,21.6,17.8,2.9,80.71,77.6,84.18
2024-02-26,22.5,21.9,3.2,80.83,78.53,84.01
2024-02-27,21.7,23.5,6.2,80.93,79.8,83.8
2024-02-28,22.7,17.6,7.7,80.86,79.44,84.08
2024-02-29,22.0,10.9,6.8,80.88,79.22,84.57
2024-03-01,22.9,9.2,5.9,83.07,80.9,84.82
2024-03-04,26.1,17.3,6.3,82.06,79.67,86.58
2024-03-05,28.3,21.5,11.0,81.62,79.11,85.82
2024-03-06,34.4,27.6,16.3,82.42,80.08,86.59
2024-03-07,36.5,29.1,12.2,82.44,79.81,84.88
2024-03-08,37.1,30.2,14.9,81.97,78.96,84.29
2024-03-13,23.9,21.9,9.7,83.46,80.67,83.95
2024-03-14,25.6,23.9,5.7,83.9,82.16,86.16
2024-03-15,25.6,21.8,6.3,83.82,81.94,85.39
2024-03-18,27.3,15.9,9.9,84.47,83.68,86.47
2024-03-19,28.3,12.2,10.7,84.62,84.39,87.36
2024-03-20,28.9,16.2,6.6,84.15,82.79,85.77
2024-03-21,25.6,16.1,8.3,84.14,81.99,84.92
2024-03-22,25.1,16.7,6.8,84.03,81.1,84.87
2024-03-25,30.0,18.7,5.2,84.23,82.41,86.18
2024-03-26,24.8,14.9,4.0,84.14,82.41,85.91
2024-03-27,23.6,13.2,5.2,84.11,82.15,84.94
2024-04-02,20.7,14.6,8.2,89.24,85.95,87.63
2024-04-03,22.3,22.1,4.5,89.63,86.22,90.6
2024-04-04,25.6,18.4,5.2,90.53,87.37,90.32
2024-04-05,32.6,24.3,9.9,90.74,87.69,92.81
2024-04-08,35.6,28.7,14.8,90.02,87.24,91.73
2024-04-09,35.6,26.5,12.2,89.43,86.04,92.13
2024-04-15,27.8,22.8,8.0,89.96,86.21,90.84
2024-04-16,21.7,24.2,8.4,89.91,86.15,91.29
2024-04-17,24.7,24.1,6.1,88.84,83.58,89.54
2024-04-18,26.4,24.6,7.9,88.81,83.5,88.34
2024-04-19,27.1,24.5,8.5,88.82,83.79,87.96
2024-04-22,30.9,15.9,9.4,88.72,83.82,87.3
2024-04-23,31.6,19.1,8.2,89.04,84.17,88.29
2024-04-24,27.9,22.8,7.2,89.02,84.09,89.02
2024-04-25,29.4,22.7,5.6,89.18,84.92,88.1
2024-04-26,30.6,24.1,5.7,89.19,85.38,89.95
2024-04-29,33.3,22.3,9.5,89.11,84.26,88.44
2024-04-30,33.3,23.2,10.9,89.17,83.49,88.23
2024-05-01,22.2,10.4,3.7,83.46,80.7,83.55
2024-05-02,20.8,13.6,10.3,83.87,80.59,84.81
2024-05-03,23.1,22.4,7.5,83.2,79.65,83.6
2024-05-07,35.2,30.3,13.5,83.57,79.97,82.69
2024-05-08,36.8,29.4,19.6,84.16,80.57,82.44
2024-05-09,35.3,25.7,15.0,84.18,80.86,83.27
2024-05-13,34.3,23.2,11.6,84.14,80.71,83.18
2024-05-14,36.1,23.4,11.9,83.56,79.62,81.0
2024-05-15,35.8,25.5,11.6,83.67,80.23,79.98
2024-05-16,35.5,23.9,12.2,83.94,80.85,81.65
2024-05-17,35.6,20.9,12.7,84.38,81.66,82.24
2024-05-20,30.2,26.8,11.6,84.33,81.39,81.91
2024-05-21,31.1,27.8,9.7,84.13,80.66,81.22
2024-05-22,33.3,27.6,12.7,83.76,79.15,79.9
2024-05-23,35.1,27.8,12.6,83.65,77.47,79.25
2024-05-24,32.6,28.0,13.0,83.83,78.48,78.92
2024-05-28,34.2,24.4,11.9,84.15,80.9,81.34
2024-05-29,34.3,23.8,13.5,84.05,80.24,81.5
2024-05-30,35.8,25.2,14.6,84.0,78.96,81.42
2024-05-31,35.9,22.6,13.8,84.04,77.97,79.41
2024-06-03,22.8,19.1,6.6,79.17,75.26,76.45
2024-06-04,25.6,21.1,11.1,78.46,74.27,75.33
2024-06-05,32.3,25.5,11.0,78.87,75.08,75.41
2024-06-06,34.3,27.3,10.3,80.01,76.52,77.62
2024-06-07,36.3,27.2,11.6,79.79,76.53,78.12
2024-06-13,36.6,28.2,10.4,81.6,79.61,81.44
2024-06-14,34.4,28.2,12.6,81.53,79.41,81.49
2024-06-17,38.0,27.6,13.4,82.15,81.33,82.45
2024-06-18,38.1,26.7,12.8,82.49,82.67,84.79
2024-06-20,37.3,27.4,15.1,82.57,83.34,85.92
2024-06-21,37.9,27.8,15.6,82.42,81.71,86.42
2024-06-24,39.3,29.2,18.5,82.6,82.63,86.75
2024-06-25,37.7,29.3,15.6,82.42,81.97,86.81
2024-06-26,37.6,28.3,13.3,82.47,82.19,85.76
2024-06-27,36.9,29.2,15.8,82.49,83.04,87.0
2024-06-28,36.6,29.3,14.6,82.55,82.83,87.26
2024-07-01,21.6,9.9,1.9,86.5,84.7,86.57
2024-07-02,20.3,15.1,0.9,85.95,84.09,88.28
2024-07-03,22.8,20.2,6.8,87.15,85.19,88.25
2024-07-05,33.7,26.4,10.4,86.48,84.44,88.66
2024-07-08,36.7,30.4,15.7,86.03,83.63,87.15
2024-07-09,35.5,24.6,14.8,85.21,82.78,86.48
2024-07-15,37.1,28.4,14.3,85.13,83.22,86.42
2024-07-16,39.4,28.8,14.6,84.57,81.92,86.6
2024-07-17,37.7,27.9,16.5,85.21,84.16,85.76
2024-07-18,37.0,26.2,16.5,85.06,84.17,86.26
2024-07-19,36.4,27.4,18.2,84.21,81.43,85.19
2024-07-22,36.9,26.4,14.7,84.15,81.25,83.44
2024-07-23,36.2,25.5,15.3,83.78,78.24,82.2
2024-07-24,36.4,25.5,16.4,83.93,78.78,83.01
2024-07-25,37.8,23.3,16.7,84.07,79.43,82.58
2024-07-26,37.6,24.6,14.6,83.88,78.58,81.35
2024-07-29,36.3,29.2,17.3,83.75,77.27,80.94
2024-07-30,39.0,29.2,17.4,83.73,76.17,79.26
2024-07-31,39.0,28.9,13.3,83.83,79.36,81.39
2024-08-01,22.8,14.1,0.7,78.63,77.74,81.37
2024-08-02,20.5,19.3,0.3,76.3,74.99,78.35
2024-08-05,33.7,26.7,13.3,75.28,74.46,77.51
2024-08-06,36.3,28.1,11.0,75.35,74.6,76.62
2024-08-07,38.4,25.6,13.3,76.93,76.68,78.26
2024-08-08,37.1,30.2,14.7,77.5,77.64,80.76
2024-08-13,38.3,29.3,14.9,78.42,79.81,82.51
2024-08-14,38.0,29.5,15.5,77.89,78.47,82.15
2024-08-15,37.5,29.2,15.2,78.79,79.66,83.09
2024-08-16,37.4,30.0,13.9,78.05,78.05,81.56
2024-08-19,36.4,30.0,14.4,77.24,75.82,81.09
2024-08-20,36.6,30.9,13.6,77.21,75.27,78.85
2024-08-21,34.8,30.1,13.6,76.73,72.76,78.77
2024-08-22,35.2,30.0,15.4,77.13,73.72,78.8
2024-08-23,36.0,29.5,13.3,77.53,75.82,80.34
2024-08-27,35.9,25.7,17.1,77.61,76.5,81.51
2024-08-28,36.9,27.1,16.2,77.53,75.49,80.04
2024-08-29,36.8,25.7,14.0,77.54,76.9,81.55
2024-08-30,35.6,25.6,13.5,77.6,74.52,80.2
2024-09-03,19.8,12.5,5.9,73.59,71.28,76.46
