DATE,Dubai,Texas,UK
01-07-20,37.3,29.2,11.9
02-07-20,38.3,29.6,12.6
03-07-20,37.1,27.8,11.9
04-07-20,36.6,28.7,12.9
05-07-20,35.6,28.7,14.6
06-07-20,37.4,28.6,13.8
07-07-20,36.1,28.4,12.5
08-07-20,38.6,29.4,12.1
09-07-20,37.8,29.3,12.8
10-07-20,38.7,29.7,13.6
11-07-20,38.3,30.4,14.2
12-07-20,39.0,29.7,15.0
13-07-20,39.8,29.9,16.8
14-07-20,38.8,29.0,14.8
15-07-20,38.3,29.2,16.3
16-07-20,39.4,29.9,18.4
17-07-20,39.3,26.8,17.2
18-07-20,38.4,27.7,14.7
19-07-20,39.9,27.6,13.6
20-07-20,36.8,26.4,13.8
21-07-20,37.9,25.3,14.9
22-07-20,35.8,26.8,13.4
23-07-20,34.2,28.8,17.0
24-07-20,34.8,27.4,15.7
25-07-20,36.4,26.4,16.7
26-07-20,37.0,26.1,15.5
27-07-20,37.3,26.3,12.6
28-07-20,37.9,26.4,13.5
29-07-20,37.8,26.0,14.1
30-07-20,37.3,28.8,12.8
31-07-20,39.5,29.2,15.9
01-08-20,38.8,25.4,16.7
02-08-20,38.1,27.6,14.6
03-08-20,37.0,28.7,13.1
04-08-20,35.9,27.9,13.9
05-08-20,35.6,28.8,16.5
06-08-20,36.7,28.8,17.2
07-08-20,35.9,29.0,19.0
08-08-20,35.8,28.7,14.4
09-08-20,36.4,28.1,13.1
10-08-20,37.4,28.8,15.1
11-08-20,37.8,29.4,15.7
12-08-20,36.6,29.7,18.4
13-08-20,35.3,29.7,15.9
14-08-20,35.7,29.6,14.7
15-08-20,37.0,30.1,15.1
16-08-20,36.5,30.7,14.1
17-08-20,36.0,26.8,14.2
18-08-20,36.4,28.2,15.3
19-08-20,37.9,27.6,15.6
20-08-20,36.9,27.5,18.1
21-08-20,36.6,27.7,16.5
22-08-20,36.6,27.1,16.1
23-08-20,36.4,28.2,13.9
24-08-20,36.3,28.1,11.9
25-08-20,35.2,27.9,13.0
26-08-20,35.4,27.1,12.5
27-08-20,37.7,29.3,11.6
28-08-20,37.3,28.2,12.3
29-08-20,37.3,29.7,11.4
30-08-20,37.6,29.4,12.0
31-08-20,38.5,29.8,12.6
01-09-20,36.7,30.3,13.1
02-09-20,35.5,30.3,15.2
03-09-20,36.0,27.9,15.1
04-09-20,36.3,27.3,13.7
05-09-20,36.6,26.2,12.4
06-09-20,34.4,27.2,12.8
07-09-20,34.9,27.2,14.8
08-09-20,34.4,26.4,16.8
09-09-20,33.7,27.8,13.8
10-09-20,34.8,26.6,11.2
11-09-20,34.7,26.1,13.6
12-09-20,37.7,27.4,12.6
13-09-20,36.8,27.0,17.0
14-09-20,36.7,27.2,16.7
15-09-20,35.6,27.9,15.9
16-09-20,34.4,28.0,12.4
17-09-20,33.7,27.0,11.7
18-09-20,34.6,25.4,11.6
19-09-20,33.9,23.8,10.4
20-09-20,33.1,20.8,11.9
21-09-20,33.2,21.9,12.8
22-09-20,33.8,23.6,13.4
23-09-20,34.6,22.7,9.7
24-09-20,34.8,21.1,8.3
25-09-20,33.6,23.2,9.7
26-09-20,32.6,24.1,8.9
27-09-20,32.6,26.5,6.4
28-09-20,32.6,21.9,9.2
29-09-20,33.1,18.7,9.5
30-09-20,34.2,19.7,10.9
01-10-20,33.6,21.1,10.3
02-10-20,33.2,19.5,9.9
03-10-20,32.4,19.7,10.4
04-10-20,32.8,20.8,12.8
05-10-20,33.1,21.1,11.6
06-10-20,32.9,20.9,11.1
07-10-20,33.4,22.9,11.2
08-10-20,32.6,23.8,8.9
09-10-20,32.7,22.8,8.4
10-10-20,32.1,24.3,9.3
11-10-20,32.1,26.3,9.9
12-10-20,32.9,26.1,8.2
13-10-20,31.8,23.3,9.7
14-10-20,30.5,22.7,10.6
15-10-20,29.9,25.1,8.6
16-10-20,30.1,15.3,9.0
17-10-20,30.1,20.1,8.7
18-10-20,29.8,24.6,7.7
19-10-20,29.7,25.6,10.5
20-10-20,29.3,23.9,11.0
21-10-20,29.2,24.2,12.3
22-10-20,29.0,24.7,10.1
23-10-20,28.4,22.5,7.7
24-10-20,29.2,14.9,9.2
25-10-20,29.2,18.3,8.7
26-10-20,28.2,22.2,9.0
27-10-20,27.7,19.6,7.7
28-10-20,28.1,11.7,7.7
29-10-20,27.9,10.6,8.8
30-10-20,28.1,12.9,10.4
31-10-20,27.7,14.5,10.1
01-11-20,27.3,15.6,9.3
02-11-20,27.6,12.4,8.2
03-11-20,28.0,13.9,5.9
04-11-20,27.7,16.3,7.6
05-11-20,27.6,18.9,10.2
06-11-20,27.4,17.3,7.5
07-11-20,27.7,19.3,5.1
08-11-20,27.8,21.4,9.4
09-11-20,28.3,23.5,10.1
10-11-20,27.9,23.1,10.9
11-11-20,28.4,21.1,10.7
12-11-20,28.4,20.0,10.1
13-11-20,28.8,21.2,8.8
14-11-20,27.9,23.4,9.6
15-11-20,26.6,18.4,9.5
16-11-20,26.4,12.7,9.1
17-11-20,26.7,13.8,14.1
18-11-20,26.8,15.6,11.3
19-11-20,26.4,18.2,4.2
20-11-20,26.7,21.0,5.6
21-11-20,26.3,19.7,8.2
22-11-20,26.4,19.6,5.1
23-11-20,25.5,15.0,7.8
24-11-20,24.8,19.7,10.7
25-11-20,24.6,17.5,5.6
26-11-20,25.0,17.1,4.6
27-11-20,24.9,20.6,4.6
28-11-20,24.6,16.2,0.7
29-11-20,24.1,12.4,2.8
30-11-20,24.6,7.2,7.2
01-12-20,24.3,8.3,4.3
02-12-20,25.1,12.8,6.0
03-12-20,24.8,8.4,0.7
04-12-20,25.0,7.5,5.8
05-12-20,25.6,7.7,4.7
06-12-20,25.7,11.4,3.8
07-12-20,25.2,9.4,3.6
08-12-20,23.4,11.7,5.4
09-12-20,22.6,13.9,5.3
10-12-20,22.8,15.6,5.7
11-12-20,22.5,18.7,6.8
12-12-20,22.3,15.9,7.5
13-12-20,22.2,12.5,6.3
14-12-20,22.3,5.8,7.9
15-12-20,22.4,7.6,6.1
16-12-20,22.8,6.0,7.5
17-12-20,22.8,5.2,7.4
18-12-20,22.6,10.7,10.3
19-12-20,22.2,14.6,8.2
20-12-20,22.9,11.9,6.4
21-12-20,21.8,12.8,5.9
22-12-20,21.3,13.9,3.3
23-12-20,21.7,19.0,2.2
24-12-20,21.4,6.8,2.4
25-12-20,21.4,7.9,2.7
26-12-20,21.4,11.3,6.4
27-12-20,21.4,15.9,2.0
28-12-20,21.1,17.6,-0.4
29-12-20,20.6,18.0,2.6
30-12-20,21.6,20.7,0.6
31-12-20,21.9,16.1,2.1
01-01-21,21.7,7.5,2.8
02-01-21,21.4,7.5,1.4
03-01-21,20.6,11.2,2.7
04-01-21,19.8,14.7,3.2
05-01-21,19.8,13.4,2.6
06-01-21,20.2,15.3,-0.6
07-01-21,19.3,10.2,1.4
08-01-21,18.9,7.6,-0.8
09-01-21,18.4,6.9,-0.6
10-01-21,18.9,3.2,3.5
11-01-21,19.0,2.7,5.9
12-01-21,19.0,5.5,1.1
13-01-21,19.3,8.3,0.4
14-01-21,19.6,11.8,2.7
15-01-21,19.7,8.7,1.2
16-01-21,19.4,7.7,4.3
17-01-21,19.7,9.6,3.9
18-01-21,21.8,12.3,4.7
19-01-21,20.7,18.1,1.2
20-01-21,20.9,16.1,2.1
21-01-21,19.9,17.4,3.1
22-01-21,19.9,17.2,2.5
23-01-21,19.9,15.7,-0.7
24-01-21,20.4,19.4,-0.8
25-01-21,20.2,20.4,2.9
26-01-21,20.6,17.6,1.4
27-01-21,20.4,13.8,2.2
28-01-21,21.2,8.7,4.3
29-01-21,21.7,10.7,3.2
30-01-21,22.8,17.8,1.9
31-01-21,20.9,14.3,0.5
01-02-21,19.5,9.4,1.2
02-02-21,19.8,9.6,3.5
03-02-21,20.4,12.8,3.2
04-02-21,21.3,19.3,3.8
05-02-21,22.6,9.6,4.1
06-02-21,22.6,12.3,3.0
07-02-21,22.4,9.7,1.7
08-02-21,22.3,14.9,0.9
09-02-21,22.0,18.8,-0.3
10-02-21,21.6,14.4,-2.6
13-02-21,22.1,3.8,-0.4
14-02-21,21.3,0.3,2.6
15-02-21,20.9,-7.2,6.3
16-02-21,21.9,-4.2,7.3
17-02-21,25.4,1.1,6.4
18-02-21,25.8,0.3,6.8
19-02-21,24.7,2.3,5.2
21-02-21,23.6,13.8,8.1
22-02-21,24.7,14.9,6.4
23-02-21,24.0,14.3,8.3
24-02-21,24.4,18.9,10.2
25-02-21,25.3,19.4,6.8
26-02-21,22.1,20.9,6.5
27-02-21,21.1,20.6,7.7
28-02-21,21.4,21.8,8.1
01-03-21,22.6,15.6,5.4
02-03-21,26.7,11.2,3.9
03-03-21,28.1,11.7,3.2
04-03-21,27.5,13.2,4.1
05-03-21,29.0,15.2,2.1
06-03-21,23.3,14.1,2.6
07-03-21,21.8,12.1,5.8
08-03-21,21.4,13.9,8.2
09-03-21,24.4,18.1,7.9
10-03-21,25.4,20.4,7.3
11-03-21,25.1,21.5,6.7
12-03-21,30.1,22.2,4.2
13-03-21,26.3,21.2,4.9
14-03-21,22.7,19.2,5.7
15-03-21,22.8,20.1,6.3
16-03-21,24.5,22.0,9.7
17-03-21,28.1,20.7,8.4
18-03-21,29.9,12.7,9.1
19-03-21,29.8,11.3,7.2
20-03-21,26.4,11.7,8.6
21-03-21,25.2,12.9,6.7
22-03-21,25.7,18.2,7.2
23-03-21,25.0,20.7,8.8
24-03-21,27.3,19.3,7.2
25-03-21,30.3,20.5,7.9
26-03-21,31.1,20.7,6.6
27-03-21,30.9,23.2,5.6
28-03-21,27.0,16.4,10.3
29-03-21,25.0,15.6,14.3
30-03-21,25.2,22.1,12.8
31-03-21,26.0,19.3,7.1
01-04-21,26.8,13.7,4.7
02-04-21,28.3,12.8,4.4
03-04-21,29.8,12.9,6.6
04-04-21,26.2,17.2,7.5
05-04-21,25.2,19.3,2.0
06-04-21,25.3,22.0,2.1
07-04-21,24.9,22.6,3.1
08-04-21,25.3,21.7,7.2
09-04-21,27.8,23.4,4.1
10-04-21,31.3,21.6,1.9
11-04-21,32.3,20.1,1.7
12-04-21,32.7,21.7,3.7
13-04-21,32.6,22.8,3.5
14-04-21,33.5,21.1,4.9
15-04-21,30.6,18.8,4.8
16-04-21,27.5,18.4,6.0
17-04-21,26.4,14.3,7.2
18-04-21,27.7,13.6,6.8
19-04-21,27.7,16.0,9.1
20-04-21,27.7,19.2,8.2
21-04-21,30.2,13.2,5.5
22-04-21,32.1,16.1,7.9
23-04-21,31.8,21.8,7.8
24-04-21,31.3,23.8,7.6
25-04-21,32.6,20.7,6.2
26-04-21,33.8,21.4,8.1
27-04-21,33.7,24.0,6.9
29-04-21,32.5,24.7,5.1
30-04-21,30.8,21.2,5.8
01-05-21,30.2,21.4,5.6
02-05-21,30.0,24.4,6.8
03-05-21,30.9,26.3,5.2
04-05-21,31.8,24.4,6.4
05-05-21,30.6,20.6,5.7
06-05-21,29.8,21.7,5.2
07-05-21,30.7,22.3,6.2
08-05-21,32.1,23.5,6.3
09-05-21,31.4,26.2,10.7
10-05-21,29.9,27.1,10.7
11-05-21,30.1,24.9,11.2
12-05-21,32.0,18.4,8.6
13-05-21,32.1,20.3,8.1
14-05-21,32.0,21.8,8.6
15-05-21,32.5,22.6,8.8
16-05-21,33.8,23.1,8.8
17-05-21,32.3,22.2,10.1
18-05-21,35.8,21.8,10.3
19-05-21,35.0,20.0,9.3
20-05-21,34.6,23.4,9.8
21-05-21,34.7,23.5,8.2
22-05-21,35.7,23.6,8.6
23-05-21,35.9,23.1,8.6
24-05-21,36.1,23.8,8.4
25-05-21,37.8,25.0,9.4
26-05-21,37.0,26.2,11.2
27-05-21,32.7,26.2,10.7
28-05-21,32.7,25.2,9.3
29-05-21,34.4,25.9,9.4
30-05-21,35.4,24.2,9.2
31-05-21,36.1,25.0,9.6
01-06-21,35.2,25.0,10.7
02-06-21,33.8,24.8,10.8
03-06-21,36.2,23.3,12.4
04-06-21,35.4,22.9,14.5
05-06-21,34.7,24.8,15.1
06-06-21,38.4,26.3,14.8
07-06-21,36.7,27.9,13.7
08-06-21,35.1,28.6,15.5
09-06-21,33.8,28.5,17.6
10-06-21,34.0,27.7,17.8
11-06-21,34.1,27.8,16.3
12-06-21,33.9,28.8,14.8
13-06-21,33.9,30.3,19.2
14-06-21,33.9,29.1,14.1
15-06-21,34.7,27.8,13.7
16-06-21,34.8,27.9,15.4
17-06-21,33.3,27.9,15.4
18-06-21,33.5,27.5,11.9
19-06-21,34.6,28.8,12.7
20-06-21,37.9,28.2,13.6
21-06-21,37.7,27.9,12.5
22-06-21,38.8,27.4,12.7
23-06-21,39.6,28.1,16.9
24-06-21,37.7,28.1,16.2
25-06-21,36.4,28.2,12.1
26-06-21,37.4,27.9,11.8
27-06-21,38.3,26.7,14.0
28-06-21,36.7,24.4,13.9
29-06-21,37.3,25.3,12.9
30-06-21,36.7,26.2,13.1
01-07-21,36.5,28.1,12.6
02-07-21,35.9,27.6,13.0
03-07-21,36.4,25.0,14.0
04-07-21,37.2,26.3,14.6
05-07-21,38.3,26.2,14.6
06-07-21,37.4,26.5,13.1
07-07-21,37.1,26.6,15.9
08-07-21,37.7,25.9,15.3
09-07-21,36.9,23.9,14.3
10-07-21,38.5,27.6,15.3
11-07-21,39.7,27.7,16.3
12-07-21,38.1,24.8,15.8
13-07-21,38.6,25.1,16.0
14-07-21,37.9,25.2,17.3
15-07-21,37.6,26.9,16.0
16-07-21,35.6,27.6,19.4
17-07-21,34.9,28.6,20.5
18-07-21,34.4,28.7,17.1
19-07-21,35.5,27.9,16.1
20-07-21,36.4,26.2,16.7
21-07-21,37.8,26.5,17.3
22-07-21,36.8,28.3,16.1
23-07-21,39.6,29.1,16.2
24-07-21,38.4,28.9,15.6
25-07-21,38.4,29.0,15.1
26-07-21,37.7,29.7,18.3
27-07-21,37.2,27.9,16.4
28-07-21,38.4,27.9,16.3
29-07-21,38.2,29.4,16.3
30-07-21,37.8,29.2,15.4
31-07-21,36.6,29.2,13.9
01-08-21,35.9,29.2,13.2
02-08-21,36.7,28.0,12.3
03-08-21,36.6,27.7,14.4
04-08-21,36.6,27.8,16.2
05-08-21,35.6,26.8,16.1
06-08-21,36.2,27.3,15.9
07-08-21,37.2,28.3,16.4
08-08-21,39.2,28.7,16.1
09-08-21,40.3,29.1,15.0
10-08-21,39.0,29.0,14.9
11-08-21,37.8,29.2,14.8
12-08-21,36.0,28.6,14.4
13-08-21,36.5,27.4,14.9
14-08-21,36.9,28.3,15.4
15-08-21,36.2,26.9,14.3
16-08-21,36.8,26.3,15.3
17-08-21,36.2,28.2,16.6
18-08-21,36.0,26.7,16.9
19-08-21,35.7,28.1,13.6
20-08-21,35.4,28.8,14.9
21-08-21,36.0,28.5,16.2
22-08-21,36.4,28.2,16.1
23-08-21,36.7,28.4,15.4
24-08-21,36.6,28.9,16.3
25-08-21,35.9,29.0,15.4
26-08-21,35.5,27.8,14.3
27-08-21,37.8,27.3,12.7
28-08-21,38.8,25.8,13.7
29-08-21,38.4,27.7,14.1
30-08-21,37.1,28.2,13.3
31-08-21,35.9,29.3,13.9
01-09-21,36.2,28.9,13.4
02-09-21,35.5,27.8,13.4
03-09-21,35.4,27.6,12.1
04-09-21,35.9,28.8,12.9
05-09-21,36.4,29.1,14.6
06-09-21,35.6,27.4,17.1
07-09-21,34.4,25.6,18.5
08-09-21,35.4,25.7,16.2
09-09-21,35.9,26.2,15.1
10-09-21,35.4,24.7,17.4
11-09-21,36.4,24.2,16.8
12-09-21,37.1,24.7,12.8
13-09-21,35.9,23.7,13.3
14-09-21,34.7,22.2,14.0
15-09-21,35.7,23.6,14.6
16-09-21,35.7,23.5,15.3
17-09-21,35.2,25.7,16.4
18-09-21,35.4,25.4,14.9
19-09-21,35.4,26.5,14.9
20-09-21,34.4,27.7,12.9
21-09-21,34.1,28.4,14.2
22-09-21,33.4,21.8,15.3
23-09-21,33.4,20.3,14.8
24-09-21,34.9,20.7,16.4
25-09-21,34.9,21.3,15.8
26-09-21,33.8,22.2,17.3
27-09-21,33.3,24.9,11.9
28-09-21,33.9,24.2,9.7
29-09-21,34.4,24.4,9.2
30-09-21,33.9,24.8,11.1
01-10-21,33.3,23.1,10.9
02-10-21,33.4,23.9,9.9
03-10-21,33.7,24.8,9.8
04-10-21,32.8,23.7,9.9
05-10-21,32.9,22.8,8.6
06-10-21,32.9,22.8,10.4
07-10-21,33.2,23.2,15.4
08-10-21,32.9,23.7,15.3
09-10-21,32.7,23.6,13.3
10-10-21,32.6,25.9,10.4
11-10-21,32.7,24.3,11.2
12-10-21,33.4,26.1,10.6
13-10-21,32.3,26.4,12.7
14-10-21,31.4,25.1,11.6
15-10-21,31.8,25.7,6.2
16-10-21,31.2,17.4,7.5
17-10-21,32.8,15.7,11.3
18-10-21,31.9,17.2,13.4
19-10-21,31.4,19.7,14.7
20-10-21,31.0,23.6,10.1
21-10-21,30.7,24.6,6.9
22-10-21,31.0,23.7,8.2
23-10-21,31.2,23.3,10.5
24-10-21,30.2,24.3,12.8
25-10-21,29.7,25.7,9.0
26-10-21,30.7,24.9,12.3
27-10-21,29.6,21.3,14.6
28-10-21,29.2,18.7,11.9
29-10-21,29.0,15.7,10.0
30-10-21,29.6,14.1,8.7
31-10-21,30.9,16.6,7.4
01-11-21,30.4,17.5,7.9
02-11-21,29.4,18.3,7.2
03-11-21,28.9,14.2,6.7
04-11-21,28.5,10.8,5.5
05-11-21,28.8,11.0,8.6
06-11-21,28.7,12.4,10.2
07-11-21,28.7,13.3,8.7
08-11-21,27.5,15.3,8.6
09-11-21,27.4,17.7,11.4
10-11-21,27.6,20.6,7.5
11-11-21,27.3,17.9,9.6
12-11-21,28.2,15.3,10.6
13-11-21,28.4,10.8,8.4
14-11-21,27.4,15.1,8.8
15-11-21,27.6,19.1,9.3
16-11-21,26.7,21.0,8.7
17-11-21,27.4,22.6,7.1
18-11-21,27.2,15.4,12.9
19-11-21,26.0,11.7,12.7
20-11-21,25.9,16.1,9.8
21-11-21,26.5,19.9,5.4
22-11-21,28.0,14.9,4.7
23-11-21,28.1,13.3,6.2
24-11-21,27.6,19.3,6.2
25-11-21,26.3,16.1,4.4
26-11-21,25.8,9.7,4.9
27-11-21,26.5,10.9,2.2
28-11-21,25.9,11.6,1.2
29-11-21,25.2,12.8,2.9
30-11-21,25.2,14.5,8.9
01-12-21,25.6,16.9,5.1
02-12-21,25.3,17.8,2.3
03-12-21,24.8,20.4,4.1
04-12-21,23.9,21.5,4.6
05-12-21,23.7,21.8,2.9
06-12-21,23.9,19.7,2.4
07-12-21,23.2,13.3,3.6
08-12-21,23.6,15.2,5.7
09-12-21,24.5,23.2,3.4
10-12-21,23.6,24.6,2.6
11-12-21,23.4,14.4,3.4
12-12-21,23.4,9.6,7.6
13-12-21,23.4,15.4,6.3
14-12-21,23.9,22.3,7.2
15-12-21,23.7,23.2,9.9
16-12-21,24.1,23.3,9.1
17-12-21,23.4,22.7,4.0
18-12-21,23.4,17.5,2.9
19-12-21,23.8,10.3,3.1
20-12-21,23.3,8.5,3.9
21-12-21,23.8,8.1,2.4
22-12-21,23.2,13.1,1.8
23-12-21,23.0,17.6,3.9
24-12-21,23.6,20.7,4.9
25-12-21,23.4,21.7,4.5
26-12-21,23.9,22.3,4.9
27-12-21,23.3,22.2,4.6
28-12-21,22.6,23.2,5.2
29-12-21,22.8,23.2,5.4
30-12-21,23.8,22.2,10.6
31-12-21,21.4,23.3,9.7
01-01-22,21.1,24.3,10.6
02-01-22,23.4,3.3,8.5
03-01-22,24.1,3.7,4.8
04-01-22,22.7,9.9,2.3
05-01-22,21.4,16.2,2.9
06-01-22,20.8,14.6,2.8
07-01-22,19.7,7.0,1.4
08-01-22,19.7,17.4,2.7
09-01-22,19.9,19.9,1.6
10-01-22,20.4,10.2,4.2
11-01-22,20.8,8.5,4.6
12-01-22,20.9,11.1,8.4
13-01-22,21.2,12.5,7.3
14-01-22,21.9,14.9,6.9
15-01-22,23.3,8.3,4.8
16-01-22,21.1,5.3,5.8
17-01-22,23.5,9.2,6.3
18-01-22,24.6,15.0,6.0
19-01-22,23.2,17.9,7.2
20-01-22,22.4,5.7,3.4
21-01-22,19.1,3.8,4.6
22-01-22,19.3,3.9,6.9
23-01-22,19.0,7.3,7.2
24-01-22,18.9,8.6,6.4
25-01-22,20.7,10.6,5.2
26-01-22,21.5,7.5,7.7
27-01-22,22.2,9.6,7.4
28-01-22,21.7,8.8,6.6
29-01-22,21.1,7.6,8.9
30-01-22,20.7,11.7,4.4
31-01-22,21.5,13.6,5.3
01-02-22,22.2,15.7,10.1
02-02-22,21.1,17.2,8.1
03-02-22,21.8,2.9,8.9
04-02-22,21.9,-1.0,2.6
05-02-22,22.6,2.8,4.7
06-02-22,21.6,6.1,2.9
07-02-22,20.6,9.6,5.7
08-02-22,20.8,9.1,7.1
09-02-22,20.2,10.9,4.2
10-02-22,21.4,12.3,3.3
11-02-22,22.5,13.8,2.3
12-02-22,23.4,8.4,7.8
13-02-22,20.0,6.0,6.2
14-02-22,20.9,10.3,5.4
15-02-22,23.3,15.0,4.4
16-02-22,22.3,19.8,7.1
17-02-22,20.5,17.8,4.4
18-02-22,20.8,6.4,2.9
19-02-22,23.0,10.1,3.3
20-02-22,24.6,13.5,6.4
21-02-22,22.4,21.9,5.5
22-02-22,21.6,21.9,6.5
23-02-22,21.9,9.2,6.2
24-02-22,21.8,5.7,1.9
25-02-22,22.8,4.7,5.6
26-02-22,24.9,4.6,7.6
27-02-22,25.7,7.2,4.9
28-02-22,24.4,9.2,7.6
01-03-22,22.4,11.7,3.6
02-03-22,21.7,13.9,2.7
03-03-22,22.4,15.8,6.3
04-03-22,25.4,17.7,5.1
05-03-22,26.2,21.7,3.6
06-03-22,25.2,22.6,3.1
07-03-22,27.3,13.6,2.8
08-03-22,29.6,7.3,5.6
09-03-22,28.8,9.3,8.5
10-03-22,29.8,13.0,9.4
11-03-22,30.8,11.2,8.1
12-03-22,30.8,6.2,8.0
13-03-22,30.1,10.0,8.1
14-03-22,29.2,17.6,7.6
15-03-22,29.9,16.3,6.3
16-03-22,30.4,16.6,6.4
17-03-22,23.8,18.5,5.2
18-03-22,22.3,17.4,5.6
19-03-22,22.3,14.4,4.6
20-03-22,22.9,15.9,5.9
21-03-22,23.8,20.4,3.7
22-03-22,25.7,17.0,5.2
23-03-22,28.5,13.4,6.8
24-03-22,29.4,13.9,8.2
25-03-22,31.3,16.7,10.3
26-03-22,27.1,18.9,8.1
27-03-22,24.9,20.8,8.7
28-03-22,23.6,21.3,6.9
29-03-22,23.2,22.7,5.1
30-03-22,24.0,20.9,3.0
31-03-22,25.7,16.2,2.9
01-04-22,25.4,18.0,4.1
02-04-22,26.6,20.4,3.9
03-04-22,26.8,20.1,5.4
04-04-22,27.1,20.3,10.8
05-04-22,28.9,24.3,4.6
06-04-22,30.4,22.7,7.4
07-04-22,31.0,16.1,5.1
08-04-22,31.9,15.1,5.5
09-04-22,30.9,17.6,5.1
10-04-22,31.7,21.4,5.9
11-04-22,28.8,23.4,7.1
12-04-22,30.7,23.4,7.2
13-04-22,33.1,23.2,9.7
14-04-22,33.9,20.2,8.0
15-04-22,33.6,21.9,8.7
16-04-22,32.4,24.3,10.5
17-04-22,31.1,25.0,10.9
18-04-22,27.6,19.8,10.8
19-04-22,26.4,18.5,7.9
20-04-22,26.9,23.2,6.3
21-04-22,28.4,24.2,8.0
22-04-22,30.2,23.4,9.6
23-04-22,30.2,23.6,9.2
24-04-22,30.9,24.6,8.7
25-04-22,32.4,21.4,8.4
26-04-22,32.7,20.1,7.3
27-04-22,31.8,20.2,6.8
28-04-22,32.6,21.9,6.8
29-04-22,33.4,23.1,9.3
30-04-22,30.1,25.1,10.1
01-05-22,29.1,25.4,11.1
02-05-22,30.7,25.2,9.7
03-05-22,29.1,25.6,8.6
04-05-22,28.4,25.7,12.8
05-05-22,30.0,24.4,12.0
06-05-22,33.6,24.2,13.1
07-05-22,35.3,26.6,10.1
08-05-22,34.3,27.4,11.2
09-05-22,30.7,27.5,12.0
10-05-22,28.9,26.8,12.1
11-05-22,29.9,25.3,11.7
12-05-22,30.4,24.7,10.9
13-05-22,29.5,25.2,12.2
14-05-22,27.9,25.4,13.8
15-05-22,29.5,26.1,10.4
16-05-22,32.5,26.8,9.7
17-05-22,30.6,26.2,11.3
18-05-22,31.1,27.0,14.4
19-05-22,32.6,27.2,14.4
20-05-22,32.9,28.0,13.1
21-05-22,32.9,28.7,12.8
22-05-22,32.3,23.8,14.2
23-05-22,32.9,21.6,12.3
24-05-22,34.0,22.9,11.4
25-05-22,32.1,22.0,12.6
26-05-22,32.8,24.9,11.5
27-05-22,33.4,26.4,12.7
28-05-22,32.8,26.0,11.6
29-05-22,34.4,26.7,9.6
30-05-22,31.1,27.4,9.1
31-05-22,32.0,27.9,9.2
01-06-22,36.6,27.8,12.4
02-06-22,35.6,26.7,12.1
03-06-22,34.4,25.2,10.7
04-06-22,33.7,26.9,11.4
05-06-22,35.1,27.1,10.2
06-06-22,35.8,27.6,10.7
07-06-22,36.4,28.1,10.4
08-06-22,37.1,29.1,11.2
09-06-22,36.1,29.1,14.5
10-06-22,35.4,29.2,15.6
11-06-22,33.1,29.6,14.7
12-06-22,34.4,29.9,13.3
13-06-22,35.7,29.6,13.1
14-06-22,36.2,28.9,13.7
15-06-22,36.7,29.1,16.4
16-06-22,36.6,29.5,16.8
17-06-22,34.6,29.1,16.1
18-06-22,35.4,29.4,13.3
19-06-22,38.1,30.4,13.9
20-06-22,37.9,30.6,15.1
21-06-22,36.6,28.7,15.5
22-06-22,37.6,29.0,16.9
23-06-22,37.6,30.2,17.3
24-06-22,36.6,29.7,16.9
25-06-22,35.5,29.3,16.1
26-06-22,36.1,30.6,14.4
27-06-22,36.6,29.1,15.6
28-06-22,35.5,28.6,14.2
29-06-22,35.6,27.9,15.0
30-06-22,35.4,24.3,14.8
01-07-22,36.2,24.8,14.6
02-07-22,36.2,28.8,14.7
03-07-22,35.7,29.3,14.8
04-07-22,36.5,29.0,14.5
05-07-22,36.6,29.3,14.5
06-07-22,37.3,28.6,16.8
07-07-22,36.5,29.4,18.2
08-07-22,35.1,30.1,18.2
09-07-22,35.2,30.6,17.9
10-07-22,37.1,31.3,21.1
11-07-22,36.1,31.1,20.4
12-07-22,34.9,31.2,19.8
13-07-22,35.9,30.3,15.7
14-07-22,37.1,28.3,14.7
15-07-22,38.8,27.5,14.8
16-07-22,38.9,29.2,15.8
17-07-22,37.6,29.8,17.6
18-07-22,37.7,29.8,22.6
19-07-22,37.3,30.3,21.9
20-07-22,36.9,30.4,16.4
21-07-22,38.1,30.0,15.3
22-07-22,38.4,26.7,14.3
23-07-22,38.3,28.3,16.3
24-07-22,38.4,29.3,18.6
25-07-22,37.7,29.6,15.3
26-07-22,34.9,29.5,14.7
27-07-22,30.8,29.3,13.8
28-07-22,31.9,29.1,15.4
29-07-22,33.4,29.3,17.3
30-07-22,34.7,29.1,19.1
31-07-22,37.1,29.3,15.0
01-08-22,38.4,28.3,15.4
02-08-22,38.1,29.7,19.7
03-08-22,38.2,29.4,17.3
04-08-22,37.1,29.9,14.7
05-08-22,36.7,26.2,12.8
06-08-22,37.8,26.6,14.5
07-08-22,39.8,27.2,17.6
08-08-22,40.0,27.7,17.5
09-08-22,38.6,28.7,20.2
10-08-22,37.4,27.4,19.2
11-08-22,38.2,26.8,20.5
12-08-22,39.4,28.1,14.6
13-08-22,39.7,27.5,16.3
14-08-22,36.8,27.5,16.1
15-08-22,36.3,28.4,16.2
16-08-22,35.9,28.8,14.7
17-08-22,36.2,29.3,13.1
18-08-22,35.4,26.3,16.3
19-08-22,36.2,24.1,15.2
20-08-22,37.2,26.6,14.7
21-08-22,37.1,27.7,14.8
22-08-22,36.7,28.6,12.9
23-08-22,37.4,27.4,17.5
24-08-22,38.1,26.9,15.8
25-08-22,38.6,28.1,14.9
26-08-22,37.7,27.8,14.4
27-08-22,35.8,27.8,15.1
28-08-22,34.4,27.9,14.6
29-08-22,34.8,25.9,14.8
30-08-22,34.8,26.4,13.2
31-08-22,34.6,28.1,12.4
01-09-22,34.3,27.0,13.1
02-09-22,34.3,26.4,14.4
03-09-22,35.2,24.9,16.6
04-09-22,34.2,24.8,16.4
05-09-22,35.1,25.6,16.9
06-09-22,35.6,26.2,15.8
07-09-22,35.1,24.9,16.2
08-09-22,34.4,26.1,16.2
09-09-22,34.4,25.8,15.0
10-09-22,35.1,25.9,13.8
11-09-22,34.0,26.8,13.9
12-09-22,33.6,25.3,15.6
13-09-22,35.1,24.5,14.5
14-09-22,36.1,24.0,13.0
15-09-22,36.2,25.2,11.4
16-09-22,34.4,25.7,10.2
17-09-22,33.9,27.2,10.6
18-09-22,34.1,27.1,11.3
19-09-22,34.7,26.8,12.3
20-09-22,35.1,27.6,14.8
21-09-22,35.3,27.2,14.8
22-09-22,34.4,27.8,14.7
23-09-22,33.9,27.8,12.0
24-09-22,32.8,26.7,10.7
25-09-22,32.7,26.8,11.6
26-09-22,33.2,25.6,10.2
27-09-22,32.9,22.1,9.3
28-09-22,32.7,22.1,11.1
29-09-22,32.5,20.8,12.9
30-09-22,33.2,19.1,11.8
01-10-22,32.6,19.6,11.2
02-10-22,31.7,19.7,12.0
03-10-22,33.2,21.7,12.4
04-10-22,33.1,20.7,14.2
05-10-22,32.4,21.4,11.6
06-10-22,32.1,22.7,12.9
08-10-22,33.2,24.1,9.9
09-10-22,31.9,21.7,11.9
10-10-22,31.5,21.5,8.8
11-10-22,30.6,21.9,10.1
12-10-22,30.9,25.9,11.4
13-10-22,32.2,23.8,8.8
14-10-22,32.0,21.9,8.7
15-10-22,31.2,23.4,8.3
16-10-22,31.2,25.7,8.9
17-10-22,32.2,19.3,11.8
18-10-22,30.9,13.1,10.1
19-10-22,30.2,10.6,10.7
20-10-22,30.9,16.9,11.3
21-10-22,31.2,20.4,11.9
22-10-22,30.8,22.1,12.3
23-10-22,30.8,24.4,10.7
24-10-22,30.6,24.7,12.2
25-10-22,30.4,15.9,11.6
26-10-22,30.2,14.3,13.3
27-10-22,30.3,16.7,12.5
28-10-22,29.9,17.9,13.1
29-10-22,29.5,15.6,11.9
30-10-22,29.3,16.7,11.3
31-10-22,29.1,17.9,11.8
01-11-22,28.9,16.5,10.6
02-11-22,29.3,19.6,8.4
03-11-22,30.1,24.0,7.4
04-11-22,30.1,24.7,6.2
05-11-22,29.1,17.4,6.3
06-11-22,28.7,22.6,8.3
07-11-22,28.9,24.3,9.9
08-11-22,30.2,23.5,10.4
09-11-22,30.1,22.8,9.8
10-11-22,29.5,21.9,14.7
11-11-22,29.7,17.9,15.7
12-11-22,28.7,8.5,10.6
13-11-22,28.7,7.9,9.5
14-11-22,28.6,9.1,10.6
15-11-22,28.3,7.9,9.6
16-11-22,28.6,6.8,6.9
17-11-22,28.6,8.6,8.8
18-11-22,28.3,10.7,9.6
19-11-22,28.3,7.3,7.0
20-11-22,28.1,8.4,5.4
21-11-22,27.5,7.1,3.8
22-11-22,26.2,10.1,5.6
23-11-22,27.3,15.5,5.1
24-11-22,26.9,17.8,7.4
25-11-22,26.3,15.4,7.9
26-11-22,26.4,15.4,10.4
27-11-22,26.6,14.4,9.5
28-11-22,26.6,15.3,6.0
29-11-22,27.3,22.4,2.7
30-11-22,27.3,13.0,3.2
01-12-22,26.9,9.8,5.8
02-12-22,26.2,18.9,7.4
03-12-22,25.9,21.9,6.1
04-12-22,25.5,17.6,6.6
05-12-22,26.2,21.7,5.2
06-12-22,26.3,22.1,3.0
07-12-22,26.2,23.0,2.3
08-12-22,26.1,22.9,1.3
09-12-22,25.6,22.5,1.9
10-12-22,25.2,22.3,2.1
11-12-22,24.5,19.0,0.9
12-12-22,23.1,18.3,-3.8
13-12-22,24.1,22.4,-3.7
14-12-22,24.9,14.7,-1.6
15-12-22,25.2,9.7,0.2
16-12-22,24.9,9.7,0.4
17-12-22,24.5,7.2,1.6
18-12-22,24.0,7.4,0.9
19-12-22,23.8,8.6,7.2
20-12-22,24.1,9.8,5.8
21-12-22,23.8,6.6,6.3
22-12-22,23.9,4.6,4.0
23-12-22,23.9,-4.9,5.7
24-12-22,25.1,-1.1,6.3
25-12-22,24.8,2.4,6.5
26-12-22,20.4,5.7,1.2
27-12-22,19.7,5.8,1.6
28-12-22,21.7,14.8,5.9
29-12-22,20.6,20.4,4.4
30-12-22,22.2,16.8,5.7
31-12-22,22.4,16.6,2.1
01-01-23,22.3,19.9,3.3
02-01-23,22.8,22.3,0.8
03-01-23,22.9,20.3,2.9
04-01-23,23.3,14.4,7.2
05-01-23,23.9,13.1,5.6
06-01-23,22.0,16.7,7.1
07-01-23,19.6,20.7,7.7
08-01-23,21.5,15.3,5.9
09-01-23,21.4,13.5,3.5
10-01-23,23.4,17.9,5.7
11-01-23,21.7,22.1,5.7
12-01-23,20.0,15.6,5.6
13-01-23,19.9,9.2,6.2
14-01-23,20.9,9.1,5.2
15-01-23,21.3,16.9,3.9
16-01-23,22.2,20.2,-0.3
17-01-23,23.2,21.3,-0.1
18-01-23,22.5,19.1,2.4
19-01-23,22.1,13.5,0.3
20-01-23,20.8,9.8,0.8
21-01-23,20.9,9.9,-0.2
22-01-23,20.7,10.1,5.3
23-01-23,19.4,8.8,7.4
24-01-23,20.1,10.3,8.9
25-01-23,18.3,6.7,8.2
26-01-23,17.4,6.9,4.1
27-01-23,15.9,8.8,1.4
28-01-23,18.4,16.8,4.8
29-01-23,18.4,17.6,7.1
30-01-23,19.2,6.9,6.6
31-01-23,21.7,4.6,5.9
01-02-23,23.0,4.0,5.9
02-02-23,23.2,4.7,8.4
03-02-23,23.3,8.6,9.0
04-02-23,21.7,9.6,8.3
05-02-23,21.1,15.5,3.3
06-02-23,22.2,17.2,6.2
07-02-23,25.1,19.4,7.3
08-02-23,24.3,16.8,7.0
09-02-23,21.7,12.5,5.2
10-02-23,19.5,9.9,8.2
11-02-23,20.2,6.8,9.4
12-02-23,22.7,10.0,8.3
13-02-23,24.9,14.3,4.4
14-02-23,25.4,20.3,3.1
15-02-23,26.6,21.0,5.3
16-02-23,26.8,14.3,7.3
17-02-23,22.7,5.7,9.3
18-02-23,21.7,7.3,4.4
19-02-23,21.1,15.3,6.8
20-02-23,21.1,20.8,11.2
21-02-23,21.1,22.5,9.6
22-02-23,21.7,22.0,6.6
23-02-23,23.2,23.5,4.8
24-02-23,25.6,22.9,6.8
25-02-23,26.3,22.7,4.4
26-02-23,27.1,22.9,3.8
27-02-23,27.6,21.8,2.7
28-02-23,27.7,22.3,6.2
01-03-23,25.3,23.6,5.6
02-03-23,25.6,23.7,5.9
03-03-23,26.7,16.1,4.8
04-03-23,24.3,16.4,4.2
05-03-23,24.4,17.2,4.4
06-03-23,24.7,20.5,3.7
07-03-23,25.1,23.1,0.8
08-03-23,27.2,23.2,-1.4
09-03-23,28.8,23.0,-0.1
10-03-23,28.7,20.8,2.3
11-03-23,28.7,22.7,1.2
12-03-23,29.2,21.6,6.0
13-03-23,28.1,14.5,5.4
14-03-23,26.6,13.2,1.9
15-03-23,27.1,14.0,1.7
16-03-23,27.4,19.6,7.1
17-03-23,24.9,10.2,9.8
18-03-23,23.1,9.7,7.7
19-03-23,23.6,8.0,6.9
20-03-23,26.1,8.9,6.4
21-03-23,26.3,18.3,10.6
22-03-23,24.2,22.3,9.4
23-03-23,23.3,23.1,8.7
24-03-23,22.9,22.2,8.2
25-03-23,23.6,22.3,6.8
26-03-23,26.4,19.4,4.3
27-03-23,28.2,20.4,2.7
28-03-23,26.1,19.9,4.6
29-03-23,24.6,16.3,9.2
30-03-23,23.7,20.2,10.3
31-03-23,24.1,24.1,7.5
01-04-23,25.4,23.3,5.7
02-04-23,23.4,22.7,6.1
03-04-23,22.6,25.1,5.1
04-04-23,22.7,24.7,6.6
05-04-23,23.1,20.9,9.8
06-04-23,24.0,15.6,9.9
07-04-23,25.9,13.7,6.9
08-04-23,26.6,16.2,8.0
09-04-23,26.3,18.2,8.7
10-04-23,27.4,16.3,9.9
11-04-23,29.1,18.8,7.4
12-04-23,30.1,17.2,6.4
13-04-23,32.0,18.6,6.6
14-04-23,28.9,20.8,6.7
15-04-23,25.7,24.4,6.1
16-04-23,24.9,17.4,10.8
17-04-23,25.8,17.1,9.4
18-04-23,25.8,19.2,7.4
19-04-23,25.7,22.6,7.9
20-04-23,25.9,22.8,7.7
21-04-23,27.2,20.9,8.8
22-04-23,28.1,19.8,8.3
23-04-23,27.9,14.9,6.9
24-04-23,29.3,16.8,5.2
25-04-23,30.2,19.6,4.6
26-04-23,29.3,22.3,5.6
27-04-23,27.9,19.2,8.0
28-04-23,27.8,20.6,9.4
29-04-23,28.6,16.0,6.4
30-04-23,30.5,20.2,9.8
01-05-23,31.8,20.9,9.0
02-05-23,29.6,21.2,7.9
03-05-23,27.4,23.3,8.6
04-05-23,28.1,23.1,8.6
05-05-23,27.9,26.7,8.6
06-05-23,28.6,24.8,8.7
07-05-23,29.2,24.3,9.2
08-05-23,31.2,23.1,12.1
09-05-23,34.1,20.6,13.8
10-05-23,33.9,21.1,11.2
11-05-23,33.5,26.3,10.6
12-05-23,33.8,26.9,10.1
13-05-23,32.4,25.2,9.9
14-05-23,33.8,23.3,11.1
15-05-23,30.7,25.3,10.0
16-05-23,30.9,24.3,11.2
17-05-23,33.9,24.2,12.1
18-05-23,34.1,25.0,13.1
19-05-23,36.3,26.7,13.0
20-05-23,36.4,25.9,12.9
21-05-23,35.3,22.4,11.2
22-05-23,34.5,23.6,11.3
23-05-23,34.4,23.9,12.8
24-05-23,33.7,24.1,13.7
25-05-23,34.4,24.0,12.7
26-05-23,34.9,25.3,12.6
27-05-23,34.3,25.3,14.6
28-05-23,32.3,25.1,10.4
29-05-23,33.4,25.3,10.2
30-05-23,34.8,24.8,11.4
31-05-23,34.1,25.0,11.7
01-06-23,33.0,25.4,10.9
02-06-23,32.4,26.4,10.8
03-06-23,33.2,27.2,11.7
04-06-23,33.6,24.2,11.7
05-06-23,36.8,24.2,11.4
06-06-23,37.8,22.9,11.8
07-06-23,35.1,25.2,11.6
08-06-23,33.4,24.6,11.8
09-06-23,35.8,27.0,12.4
10-06-23,35.6,26.7,13.1
11-06-23,35.2,27.4,13.8
12-06-23,36.2,28.0,15.4
13-06-23,36.0,28.0,15.4
14-06-23,35.2,28.9,16.8
15-06-23,34.7,29.8,15.0
16-06-23,34.1,29.6,15.3
17-06-23,33.2,29.9,16.3
18-06-23,33.4,29.9,16.3
19-06-23,35.0,30.2,18.6
20-06-23,36.7,29.8,15.9
21-06-23,36.4,29.7,17.9
22-06-23,35.6,28.6,16.8
23-06-23,34.6,29.0,16.3
24-06-23,35.7,29.8,21.1
25-06-23,35.4,30.4,17.7
26-06-23,35.8,30.1,15.7
27-06-23,37.6,30.3,15.2
28-06-23,36.3,29.9,16.5
29-06-23,36.3,29.7,14.4
30-06-23,35.4,29.8,14.6
01-07-23,35.2,30.1,15.9
02-07-23,34.7,28.1,14.1
03-07-23,34.7,29.2,13.8
04-07-23,35.2,28.4,11.5
05-07-23,35.1,28.9,14.6
06-07-23,36.4,25.9,14.2
07-07-23,38.8,27.4,17.6
08-07-23,39.4,29.2,15.2
09-07-23,39.3,30.2,17.5
10-07-23,38.7,30.3,16.2
11-07-23,38.1,30.3,15.8
12-07-23,36.4,30.2,15.1
13-07-23,37.1,30.6,15.8
14-07-23,39.5,30.4,14.1
15-07-23,40.6,30.9,15.7
16-07-23,39.8,30.9,15.7
17-07-23,37.1,30.4,14.2
18-07-23,36.4,30.5,13.7
19-07-23,36.2,30.2,14.7
20-07-23,36.3,30.0,13.8
21-07-23,38.7,30.1,13.8
22-07-23,38.9,30.3,13.5
23-07-23,38.4,29.2,13.9
24-07-23,37.8,30.1,13.1
25-07-23,38.7,29.6,13.3
26-07-23,38.2,29.4,13.2
27-07-23,37.2,29.3,14.8
28-07-23,37.8,29.1,17.2
29-07-23,36.7,29.4,16.1
30-07-23,35.7,30.8,16.0
31-07-23,35.6,31.7,14.1
01-08-23,36.2,31.9,15.1
02-08-23,38.2,30.9,15.1
03-08-23,39.4,30.8,16.4
04-08-23,39.2,31.1,14.5
05-08-23,40.3,31.1,13.3
06-08-23,40.4,30.9,12.9
07-08-23,39.2,31.3,14.2
08-08-23,37.3,30.8,14.7
09-08-23,38.1,31.2,14.8
10-08-23,40.1,31.6,18.0
11-08-23,39.9,31.2,18.6
12-08-23,38.9,31.3,16.8
13-08-23,38.2,30.8,16.5
14-08-23,37.2,31.3,16.0
15-08-23,39.2,31.9,15.9
16-08-23,39.6,29.6,16.0
17-08-23,35.8,30.1,15.8
18-08-23,35.0,30.7,15.4
19-08-23,35.3,31.4,18.3
20-08-23,35.9,32.9,18.1
21-08-23,35.8,31.2,17.8
22-08-23,36.0,30.6,17.6
23-08-23,35.5,31.0,14.6
24-08-23,36.7,32.8,15.2
25-08-23,38.9,31.7,12.8
26-08-23,39.3,31.4,13.3
27-08-23,38.7,31.6,14.4
28-08-23,37.1,28.6,14.4
29-08-23,37.1,28.9,14.0
30-08-23,36.8,28.4,12.7
31-08-23,36.3,28.3,11.8
01-09-23,35.7,29.0,12.4
02-09-23,36.1,29.2,15.1
03-09-23,36.0,30.0,18.1
04-09-23,35.6,28.9,17.8
05-09-23,35.4,29.7,14.7
06-09-23,36.6,30.6,15.8
07-09-23,36.4,31.2,15.4
08-09-23,36.2,29.6,17.2
09-09-23,35.7,28.4,19.9
10-09-23,35.0,27.8,17.7
11-09-23,37.3,27.3,17.2
12-09-23,37.0,28.7,12.6
13-09-23,35.5,28.0,11.3
14-09-23,34.9,23.8,13.9
15-09-23,36.1,24.4,11.4
16-09-23,35.5,25.3,11.9
17-09-23,35.2,26.7,12.1
18-09-23,35.6,26.0,13.4
19-09-23,37.7,25.9,10.2
20-09-23,36.1,27.7,15.3
21-09-23,35.0,28.1,11.8
22-09-23,35.3,27.7,11.4
23-09-23,37.9,28.3,10.6
24-09-23,37.8,28.6,14.8
25-09-23,36.5,26.1,15.4
26-09-23,37.2,25.6,13.0
27-09-23,35.8,27.1,11.4
28-09-23,34.9,27.5,14.2
29-09-23,33.3,27.3,13.5
30-09-23,34.3,26.9,11.5
01-10-23,33.7,26.9,13.6
02-10-23,33.3,26.3,12.3
03-10-23,34.3,23.9,12.1
04-10-23,33.8,27.1,11.7
05-10-23,33.8,23.1,11.9
06-10-23,33.2,23.5,14.6
09-10-23,33.9,20.3,14.4
10-10-23,33.1,21.7,16.2
11-10-23,33.3,18.6,9.9
12-10-23,33.6,19.9,8.3
13-10-23,32.9,24.3,10.0
14-10-23,32.9,18.8,6.8
15-10-23,32.1,15.7,6.7
16-10-23,32.6,13.4,6.7
17-10-23,33.1,14.9,6.5
18-10-23,32.2,18.8,12.2
19-10-23,31.7,21.8,11.6
20-10-23,31.7,21.9,9.2
21-10-23,31.9,23.1,7.3
22-10-23,32.4,24.4,6.4
23-10-23,31.9,25.0,6.1
24-10-23,31.6,25.2,9.7
25-10-23,31.7,25.4,9.2
26-10-23,27.6,25.2,9.1
27-10-23,28.8,25.7,11.0
28-10-23,29.6,25.6,10.9
29-10-23,30.2,23.1,10.1
30-10-23,30.9,8.7,7.4
31-10-23,30.9,9.2,7.2
01-11-23,31.7,8.1,8.1
02-11-23,31.1,10.9,6.5
03-11-23,30.5,15.4,9.3
04-11-23,29.8,19.0,6.7
05-11-23,29.3,20.2,7.8
06-11-23,29.2,21.1,7.6
07-11-23,28.7,22.9,7.8
08-11-23,28.6,23.3,6.3
09-11-23,29.7,22.1,4.1
10-11-23,29.2,14.7,3.8
11-11-23,29.1,13.9,4.7
12-11-23,28.3,16.1,4.1
13-11-23,27.6,15.4,8.0
14-11-23,27.8,16.1,7.7
15-11-23,29.1,15.5,6.5
16-11-23,28.1,16.2,4.3
17-11-23,25.2,19.4,4.6
18-11-23,26.2,18.1,8.0
19-11-23,26.6,17.3,10.8
20-11-23,27.8,21.2,9.9
21-11-23,28.0,12.6,6.3
22-11-23,28.1,8.7,11.4
23-11-23,27.1,8.6,11.0
24-11-23,26.1,12.3,4.7
25-11-23,26.4,13.1,1.4
26-11-23,26.5,11.7,1.4
27-11-23,26.2,7.7,4.7
28-11-23,26.7,10.0,2.9
29-11-23,26.8,12.1,1.4
30-11-23,25.3,17.3,0.4
01-12-23,25.4,19.8,-1.9
02-12-23,25.8,16.4,-3.7
03-12-23,25.9,14.4,-1.3
04-12-23,26.3,12.8,5.0
05-12-23,26.3,11.5,2.2
06-12-23,25.9,11.7,-0.7
07-12-23,25.3,13.6,6.0
08-12-23,24.6,20.7,7.2
09-12-23,25.1,21.5,7.8
10-12-23,24.7,9.1,6.1
11-12-23,24.2,8.4,5.7
12-12-23,24.1,10.9,7.1
13-12-23,24.1,11.1,4.1
14-12-23,24.1,15.6,5.6
15-12-23,24.2,16.0,7.9
16-12-23,22.9,13.2,10.9
17-12-23,23.5,10.2,11.5
18-12-23,23.3,11.7,11.0
19-12-23,23.3,10.2,5.8
20-12-23,23.7,14.6,8.8
21-12-23,23.2,15.7,8.8
22-12-23,22.4,17.5,7.0
23-12-23,22.3,19.2,6.6
24-12-23,23.6,16.3,9.9
25-12-23,24.5,10.2,3.6
26-12-23,24.8,8.4,1.7
27-12-23,24.2,10.7,5.9
28-12-23,23.1,6.8,6.4
29-12-23,23.9,5.9,3.6
30-12-23,24.3,8.7,2.7
31-12-23,24.4,12.7,4.3
01-01-24,24.6,12.0,2.4
02-01-24,23.5,7.6,5.8
03-01-24,22.9,9.2,5.9
04-01-24,23.5,10.4,6.1
05-01-24,22.2,10.4,3.7
06-01-24,21.9,7.8,2.6
07-01-24,21.6,9.9,1.9
08-01-24,22.8,14.1,0.7
09-01-24,22.6,7.8,3.3
10-01-24,21.7,10.6,4.2
11-01-24,20.7,17.9,3.7
12-01-24,21.1,11.7,-0.1
13-01-24,22.2,8.6,3.7
14-01-24,22.8,5.6,1.6
15-01-24,23.6,-2.4,-0.3
16-01-24,23.4,-3.7,-0.5
17-01-24,23.7,0.3,-2.0
18-01-24,22.3,10.4,-0.7
19-01-24,21.8,7.6,2.1
20-01-24,22.1,3.1,6.8
21-01-24,21.6,3.5,7.7
22-01-24,22.2,12.9,6.4
23-01-24,22.4,18.1,7.3
24-01-24,21.6,17.1,8.4
25-01-24,22.4,16.4,6.8
26-01-24,23.9,14.1,6.5
27-01-24,25.1,12.6,8.5
28-01-24,23.3,9.6,9.5
29-01-24,21.7,11.6,5.1
30-01-24,23.3,14.2,4.1
31-01-24,25.1,15.3,6.4
01-02-24,23.9,15.0,6.2
02-02-24,23.6,17.2,11.1
03-02-24,20.8,16.0,8.3
04-02-24,20.7,14.6,8.2
05-02-24,20.8,13.6,10.3
06-02-24,21.7,13.6,5.4
07-02-24,20.3,15.1,0.9
08-02-24,20.5,19.3,0.3
09-02-24,20.6,20.3,3.8
10-02-24,20.6,20.7,4.6
11-02-24,19.3,19.2,4.6
12-02-24,20.2,9.9,4.5
13-02-24,22.2,10.4,4.2
14-02-24,23.8,11.9,3.7
15-02-24,24.7,16.8,7.6
16-02-24,25.4,17.6,7.9
17-02-24,26.3,7.9,8.2
18-02-24,23.3,6.0,9.8
19-02-24,21.6,9.3,8.8
20-02-24,21.7,15.6,8.7
21-02-24,22.3,18.7,6.1
22-02-24,21.3,20.4,4.5
23-02-24,21.6,17.8,2.9
24-02-24,22.7,17.0,2.6
25-02-24,25.2,18.4,2.4
26-02-24,22.5,21.9,3.2
27-02-24,21.7,23.5,6.2
28-02-24,22.7,17.6,7.7
29-02-24,22.0,10.9,6.8
01-03-24,20.6,14.8,2.6
02-03-24,19.8,16.4,4.7
03-03-24,20.2,20.4,5.9
04-03-24,22.3,22.1,4.5
05-03-24,23.1,22.4,7.5
06-03-24,22.8,19.1,6.6
07-03-24,22.8,20.2,6.8
08-03-24,25.9,22.2,5.6
09-03-24,19.8,12.5,5.9
10-03-24,22.3,12.9,5.9
11-03-24,24.0,15.2,5.8
12-03-24,23.8,17.8,6.8
13-03-24,23.9,21.9,9.7
14-03-24,25.6,23.9,5.7
15-03-24,25.6,21.8,6.3
16-03-24,27.5,18.9,4.4
17-03-24,29.1,19.5,9.2
18-03-24,27.3,15.9,9.9
19-03-24,28.3,12.2,10.7
20-03-24,28.9,16.2,6.6
21-03-24,25.6,16.1,8.3
22-03-24,25.1,16.7,6.8
23-03-24,27.7,17.8,6.9
24-03-24,29.7,18.6,7.7
25-03-24,30.0,18.7,5.2
26-03-24,24.8,14.9,4.0
27-03-24,23.6,13.2,5.2
01-04-24,22.6,23.6,6.6
02-04-24,21.7,21.9,6.9
03-04-24,26.1,17.3,6.3
04-04-24,25.6,18.4,5.2
05-04-24,24.6,21.0,5.0
06-04-24,25.6,21.1,11.1
07-04-24,27.3,23.9,10.8
08-04-24,30.2,22.9,9.2
09-04-24,29.3,23.4,8.1
10-04-24,29.9,19.8,8.1
11-04-24,29.4,19.4,13.7
12-04-24,30.1,19.1,13.4
13-04-24,28.6,19.6,10.0
14-04-24,27.9,22.0,8.4
15-04-24,27.8,22.8,8.0
16-04-24,21.7,24.2,8.4
17-04-24,24.7,24.1,6.1
18-04-24,26.4,24.6,7.9
19-04-24,27.1,24.5,8.5
20-04-24,27.2,20.7,5.6
21-04-24,28.8,15.6,7.7
22-04-24,30.9,15.9,9.4
23-04-24,31.6,19.1,8.2
24-04-24,27.9,22.8,7.2
25-04-24,29.4,22.7,5.6
26-04-24,30.6,24.1,5.7
27-04-24,31.0,25.0,7.3
28-04-24,32.3,24.8,7.1
29-04-24,33.3,22.3,9.5
30-04-24,33.3,23.2,10.9
02-05-24,25.8,22.7,11.3
03-05-24,28.3,21.5,11.0
04-05-24,32.6,24.3,9.9
05-05-24,32.9,23.9,13.4
06-05-24,32.3,25.5,11.0
07-05-24,33.7,26.4,10.4
08-05-24,33.7,26.7,13.3
09-05-24,32.1,26.7,15.2
10-05-24,29.0,24.9,15.6
11-05-24,29.1,23.1,14.1
12-05-24,33.1,22.9,11.3
13-05-24,34.3,23.2,11.6
14-05-24,36.1,23.4,11.9
15-05-24,35.8,25.5,11.6
16-05-24,35.5,23.9,12.2
17-05-24,35.6,20.9,12.7
18-05-24,35.5,24.9,11.7
19-05-24,31.3,26.8,11.7
20-05-24,30.2,26.8,11.6
21-05-24,31.1,27.8,9.7
22-05-24,33.3,27.6,12.7
23-05-24,35.1,27.8,12.6
24-05-24,32.6,28.0,13.0
25-05-24,32.8,28.1,13.1
26-05-24,34.7,28.7,12.2
27-05-24,36.8,29.2,12.4
28-05-24,34.2,24.4,11.9
29-05-24,34.3,23.8,13.5
30-05-24,35.8,25.2,14.6
31-05-24,35.9,22.6,13.8
01-06-24,38.2,25.4,13.7
02-06-24,35.6,27.3,14.6
03-06-24,34.4,27.6,16.3
04-06-24,34.7,28.7,12.3
05-06-24,33.5,25.1,9.7
06-06-24,34.3,27.3,10.3
07-06-24,35.2,28.6,10.6
08-06-24,36.3,28.1,11.0
09-06-24,37.3,28.0,11.7
10-06-24,37.3,27.8,10.8
11-06-24,37.3,27.1,10.2
12-06-24,36.4,27.3,11.4
13-06-24,36.6,28.2,10.4
14-06-24,34.4,28.2,12.6
15-06-24,36.7,28.3,11.8
16-06-24,38.6,28.8,12.7
17-06-24,38.0,27.6,13.4
18-06-24,38.1,26.7,12.8
19-06-24,37.3,26.4,13.9
20-06-24,37.3,27.4,15.1
21-06-24,37.9,27.8,15.6
22-06-24,38.1,28.4,15.8
23-06-24,40.0,28.4,16.3
24-06-24,39.3,29.2,18.5
25-06-24,37.7,29.3,15.6
26-06-24,37.6,28.3,13.3
27-06-24,36.9,29.2,15.8
28-06-24,36.6,29.3,14.6
29-06-24,36.1,30.1,13.7
30-06-24,36.2,29.9,13.9
01-07-24,35.4,29.3,14.4
02-07-24,37.2,30.2,13.2
03-07-24,36.5,29.1,12.2
04-07-24,35.6,29.9,12.4
05-07-24,35.2,30.3,13.5
06-07-24,36.3,27.2,11.6
07-07-24,38.0,26.4,12.9
08-07-24,38.4,25.6,13.3
09-07-24,40.0,28.0,12.7
10-07-24,38.6,28.6,14.1
11-07-24,37.9,26.7,13.6
12-07-24,37.4,25.7,13.5
13-07-24,38.2,26.4,12.8
14-07-24,38.5,27.7,13.6
15-07-24,37.1,28.4,14.3
16-07-24,39.4,28.8,14.6
17-07-24,37.7,27.9,16.5
18-07-24,37.0,26.2,16.5
19-07-24,36.4,27.4,18.2
20-07-24,37.0,28.3,17.8
21-07-24,37.1,27.9,14.9
22-07-24,36.9,26.4,14.7
23-07-24,36.2,25.5,15.3
24-07-24,36.4,25.5,16.4
25-07-24,37.8,23.3,16.7
26-07-24,37.6,24.6,14.6
27-07-24,37.8,24.9,15.8
28-07-24,36.4,26.8,16.7
29-07-24,36.3,29.2,17.3
30-07-24,39.0,29.2,17.4
31-07-24,39.0,28.9,13.3
01-08-24,38.9,29.1,17.1
02-08-24,37.0,30.0,17.1
03-08-24,37.1,30.2,14.9
04-08-24,35.6,28.7,14.8
05-08-24,36.8,29.4,19.6
06-08-24,36.1,30.1,17.2
07-08-24,36.7,30.4,15.7
08-08-24,37.1,30.2,14.7
09-08-24,36.4,29.9,16.3
10-08-24,36.8,28.8,16.5
11-08-24,37.5,28.9,15.4
13-08-24,38.3,29.3,14.9
14-08-24,38.0,29.5,15.5
15-08-24,37.5,29.2,15.2
16-08-24,37.4,30.0,13.9
17-08-24,36.1,30.1,14.8
18-08-24,36.0,30.2,14.7
19-08-24,36.4,30.0,14.4
20-08-24,36.6,30.9,13.6
21-08-24,34.8,30.1,13.6
22-08-24,35.2,30.0,15.4
23-08-24,36.0,29.5,13.3
24-08-24,37.9,28.9,12.8
25-08-24,37.4,28.7,12.9
26-08-24,35.9,26.5,13.9
27-08-24,35.9,25.7,17.1
28-08-24,36.9,27.1,16.2
29-08-24,36.8,25.7,14.0
30-08-24,35.6,25.6,13.5
31-08-24,39.1,26.3,12.0
01-09-24,35.9,26.8,13.9
02-09-24,36.7,27.5,14.7
03-09-24,36.8,27.9,12.7
04-09-24,35.6,26.5,12.2
05-09-24,35.3,25.7,15.0
06-09-24,34.6,24.3,14.7
07-09-24,35.5,24.6,14.8
