DATE,Dubai Price,WTI,Brent
2020-07-01,42.26,39.88,42.18
2020-07-02,43.2,40.57,43.19
2020-07-06,42.89,40.51,42.73
2020-07-07,43.09,40.59,43.28
2020-07-08,43.29,40.91,43.67
2020-07-09,42.79,39.64,42.35
2020-07-10,43.4,40.56,43.27
2020-07-13,43.1,40.06,42.85
2020-07-14,43.22,40.3,42.97
2020-07-15,43.78,41.2,43.96
2020-07-16,43.3,40.74,43.71
2020-07-17,43.0,40.55,43.53
2020-07-20,43.05,40.83,43.3
2020-07-21,43.58,41.76,44.31
2020-07-22,43.62,41.88,43.98
2020-07-23,43.3,40.99,42.96
2020-07-24,43.28,41.23,43.29
2020-07-27,43.33,41.46,43.39
2020-07-28,43.28,40.89,43.11
2020-07-29,43.29,41.13,43.51
2020-07-30,43.28,39.85,42.98
2020-07-31,42.54,40.1,43.13
2020-08-03,43.39,40.83,43.76
2020-08-04,43.4,41.67,43.99
2020-08-05,43.88,42.25,44.92
2020-08-06,43.61,41.93,45.04
2020-08-07,43.33,41.16,44.07
2020-08-10,43.78,41.94,44.19
2020-08-11,43.38,41.53,43.68
2020-08-12,43.97,42.6,45.09
2020-08-13,43.59,42.26,44.87
2020-08-14,43.39,42.05,44.86
2020-08-17,43.78,42.89,44.91
2020-08-18,43.96,42.89,45.34
2020-08-19,43.96,42.91,45.21
2020-08-20,43.78,42.62,44.56
2020-08-21,43.69,42.32,43.94
2020-08-24,43.91,42.44,44.43
2020-08-25,44.0,43.17,46.01
2020-08-26,43.96,43.21,45.79
2020-08-27,43.96,42.88,44.84
2020-08-28,43.94,42.96,45.22
2020-09-01,44.85,42.76,45.72
2020-09-02,43.83,42.76,42.7
2020-09-03,43.61,41.39,42.72
2020-09-04,42.61,39.69,41.1
2020-09-08,40.2,36.87,38.53
2020-09-09,40.78,38.05,39.98
2020-09-10,40.25,37.25,39.27
2020-09-11,40.24,37.33,38.8
2020-09-14,40.15,37.23,38.57
2020-09-15,40.69,38.29,39.54
2020-09-16,41.58,40.17,41.23
2020-09-17,42.02,40.99,42.35
2020-09-18,42.01,41.09,42.16
2020-09-21,41.41,39.26,40.37
2020-09-22,41.5,39.55,40.84
2020-09-23,41.49,39.92,41.09
2020-09-24,41.56,40.11,41.24
2020-09-25,41.6,40.06,40.91
2020-09-28,41.62,40.47,41.59
2020-09-29,41.53,39.03,40.33
2020-09-30,41.49,40.05,40.3
2020-10-01,40.3,38.51,39.75
2020-10-02,38.48,36.9,38.0
2020-10-05,40.42,39.12,39.78
2020-10-06,41.56,40.52,41.27
2020-10-07,40.98,39.82,40.62
2020-10-08,41.88,41.04,42.0
2020-10-09,41.48,40.44,41.63
2020-10-12,40.78,39.22,40.5
2020-10-13,41.24,40.03,41.34
2020-10-14,41.78,40.86,41.81
2020-10-15,41.65,40.84,41.61
2020-10-16,41.48,40.7,41.34
2020-10-19,41.37,40.69,41.29
2020-10-20,41.59,41.37,41.62
2020-10-21,41.07,39.88,40.09
2020-10-22,41.31,40.46,41.28
2020-10-23,41.14,39.73,40.71
2020-10-26,40.89,38.39,39.06
2020-10-27,40.98,39.34,39.72
2020-10-28,40.75,37.27,37.86
2020-10-29,40.68,35.94,36.56
2020-10-30,40.66,35.64,36.33
2020-11-02,38.36,36.6,37.78
2020-11-03,39.16,37.44,38.17
2020-11-04,40.55,38.97,39.68
2020-11-05,40.14,38.56,39.47
2020-11-06,39.28,36.97,38.08
2020-11-09,41.4,40.05,40.93
2020-11-10,42.19,41.18,42.25
2020-11-11,42.36,41.23,42.5
2020-11-12,42.37,40.9,42.16
2020-11-13,41.87,39.93,41.51
2020-11-16,42.52,41.14,42.71
2020-11-17,42.49,41.24,42.54
2020-11-18,42.69,41.64,42.91
2020-11-19,42.6,41.57,43.09
2020-11-20,42.84,41.99,43.79
2020-11-23,43.08,42.91,45.0
2020-11-24,43.4,44.71,46.63
2020-11-25,43.52,45.58,47.3
2020-11-27,43.44,.,46.88
2020-11-30,43.39,45.2,46.84
2020-12-01,46.96,44.54,47.03
2020-12-02,47.67,45.23,47.8
2020-12-03,48.04,45.65,48.37
2020-12-04,48.35,46.23,49.1
2020-12-07,48.23,45.72,48.63
2020-12-08,48.28,45.64,48.84
2020-12-09,48.42,45.48,48.81
2020-12-10,49.29,46.76,50.33
2020-12-11,49.22,46.59,50.01
2020-12-14,49.46,47.02,50.27
2020-12-15,49.81,47.58,50.77
2020-12-16,49.96,47.86,50.83
2020-12-17,50.08,48.34,51.2
2020-12-18,50.34,49.04,52.17
2020-12-21,49.86,47.79,50.61
2020-12-22,49.57,47.02,49.88
2020-12-23,49.81,47.94,51.05
2020-12-24,49.84,48.18,50.88
2020-12-28,49.77,47.5,50.88
2020-12-29,49.78,47.85,50.44
2020-12-30,49.82,48.24,50.74
2020-12-31,49.81,48.35,51.22
2021-01-04,50.61,47.47,50.37
2021-01-05,52.84,49.78,53.16
2021-01-06,53.63,50.45,53.8
2021-01-07,53.78,50.63,53.7
2021-01-08,55.06,52.14,55.51
2021-01-11,54.78,52.15,54.84
2021-01-12,55.37,53.08,55.98
2021-01-13,54.96,52.81,55.52
2021-01-14,55.17,53.47,55.76
2021-01-15,54.53,52.25,54.8
2021-01-19,54.89,52.87,55.38
2021-01-20,54.97,53.16,55.66
2021-01-21,54.95,53,55.68
2021-01-22,54.76,52.28,55.22
2021-01-25,54.87,52.78,55.44
2021-01-26,54.82,52.61,55.26
2021-01-27,54.81,52.81,55.07
2021-01-28,54.76,52.26,54.87
2021-01-29,54.77,52.16,55.25
2021-02-01,55.66,53.55,56.42
2021-02-02,56.71,54.77,57.62
2021-02-03,57.69,55.67,58.61
2021-02-04,57.97,56.19,58.98
2021-02-05,58.4,56.8,59.48
2021-02-08,59.36,57.95,60.17
2021-02-09,59.63,58.34,60.74
2021-02-10,59.69,58.69,61.17
2021-02-11,59.56,58.22,61.09
2021-02-12,60.23,59.5,62.47
2021-02-16,60.6,60.07,63.96
2021-02-17,60.89,61.09,65.02
2021-02-18,60.59,60.4,64.09
2021-02-19,60.2,59.12,62.84
2021-02-22,60.62,61.67,64.73
2021-02-23,60.63,61.66,65.16
2021-02-24,60.81,63.21,66.85
2021-02-25,60.84,63.43,66.69
2021-02-26,60.85,61.55,65.86
2021-03-01,62.28,60.54,64.56
2021-03-02,61.33,59.7,63.17
2021-03-03,62.55,61.33,64.7
2021-03-04,64.8,63.81,67.32
2021-03-05,66.89,66.08,69.95
2021-03-08,65.84,65.03,68.0
2021-03-09,65.37,64.02,67.03
2021-03-10,65.54,64.45,67.53
2021-03-11,66.65,66.02,69.34
2021-03-12,66.5,65.59,68.87
2021-03-15,66.38,65.36,68.78
2021-03-16,66.05,64.82,67.95
2021-03-17,65.77,64.55,67.73
2021-03-18,63.9,59.95,62.11
2021-03-19,64.57,61.43,64.0
2021-03-22,64.71,61.48,63.89
2021-03-23,63.72,57.75,59.96
2021-03-24,64.5,61.12,63.7
2021-03-25,64.05,58.47,61.21
2021-03-26,64.43,60.93,63.77
2021-03-29,64.42,61.49,64.06
2021-03-30,64.41,60.55,63.28
2021-03-31,64.41,59.19,63.52
2021-04-01,63.27,61.41,63.85
2021-04-06,60.96,59.34,61.47
2021-04-07,61.46,59.77,61.86
2021-04-08,61.47,59.61,62.09
2021-04-09,61.19,59.29,61.89
2021-04-12,61.3,59.7,62.38
2021-04-13,61.53,60.2,62.83
2021-04-14,63.26,63.15,66.11
2021-04-15,63.48,63.42,66.13
2021-04-16,63.42,63.16,65.98
2021-04-19,63.47,63.33,66.54
2021-04-20,63.23,62.61,65.34
2021-04-21,62.71,61.34,64.02
2021-04-22,62.68,61.45,65.07
2021-04-23,62.8,62.18,65.75
2021-04-26,62.62,62.02,65.5
2021-04-27,62.75,63.03,66.25
2021-04-28,62.81,63.81,67.08
2021-04-29,62.9,65,68.26
2021-04-30,62.89,63.5,67.73
2021-05-04,66.35,65.72,68.91
2021-05-05,66.65,65.63,69.71
2021-05-06,66.01,64.73,68.62
2021-05-07,66.15,64.96,68.73
2021-05-10,66.2,64.92,68.61
2021-05-11,66.32,65.31,68.83
2021-05-12,66.77,65.96,69.62
2021-05-13,65.42,63.82,67.36
2021-05-14,66.33,65.32,69.24
2021-05-17,66.82,66.24,69.62
2021-05-18,66.64,65.49,69.01
2021-05-19,65.92,63.28,66.88
2021-05-20,65.39,61.95,65.18
2021-05-21,65.73,63.61,66.72
2021-05-24,66.26,66.13,68.59
2021-05-25,66.3,66.27,68.8
2021-05-26,66.33,66.41,68.93
2021-05-27,66.32,66.87,69.43
2021-05-28,66.28,66.31,69.36
2021-06-01,68.49,67.8,70.03
2021-06-02,69.5,68.79,70.6
2021-06-03,69.47,68.81,70.71
2021-06-04,70.03,69.57,71.3
2021-06-07,69.84,69.21,70.89
2021-06-08,70.36,70.11,71.39
2021-06-09,70.34,69.9,71.31
2021-06-10,70.52,70.34,71.65
2021-06-11,70.61,71,72.05
2021-06-14,70.78,70.94,72.27
2021-06-15,71.39,72.06,73.38
2021-06-16,71.56,72.03,73.88
2021-06-17,70.94,71.06,72.92
2021-06-18,71.07,71.64,73.1
2021-06-21,71.48,73.64,74.49
2021-06-22,71.41,73.15,74.92
2021-06-23,71.52,73.11,75.22
2021-06-24,71.6,73.31,75.95
2021-06-25,71.65,74.21,76.45
2021-06-28,71.54,72.98,74.78
2021-06-29,71.57,73.14,75.38
2021-06-30,71.57,73.52,76.94
2021-07-01,73.88,75.33,76.69
2021-07-02,74.23,75.37,77.51
2021-07-06,72.93,73.62,75.81
2021-07-07,72.08,72.22,74.31
2021-07-08,72.58,72.98,75.07
2021-07-09,73.72,74.56,77.14
2021-07-12,73.54,74.21,76.77
2021-07-13,74.36,75.24,77.5
2021-07-14,73.48,73.06,75.74
2021-07-15,72.83,71.67,74.53
2021-07-16,72.92,71.76,74.46
2021-07-19,71.01,66.45,69.33
2021-07-20,71.28,67.32,70.03
2021-07-21,72.28,70.26,72.54
2021-07-22,72.81,72.15,74.25
2021-07-23,72.87,72.24,74.86
2021-07-26,72.83,72.15,74.79
2021-07-27,72.81,71.68,74.87
2021-07-28,72.81,72.37,75.09
2021-07-29,72.89,73.62,76.3
2021-07-30,72.9,73.93,77.72
2021-08-02,71.37,71.31,73.91
2021-08-03,70.95,70.64,73.24
2021-08-04,69.39,68.19,70.99
2021-08-05,70.22,69.1,72.14
2021-08-06,69.74,68.26,71.02
2021-08-09,68.49,66.56,69.65
2021-08-10,69.71,68.33,71.14
2021-08-11,70.42,69.3,71.99
2021-08-12,70.44,69.12,71.79
2021-08-13,70.05,68.36,70.9
2021-08-16,69.53,67.44,70.07
2021-08-17,69.33,66.5,69.4
2021-08-18,68.95,65.36,68.61
2021-08-19,68.03,63.69,66.8
2021-08-20,67.6,62.25,65.51
2021-08-23,68.76,65.65,69.07
2021-08-24,69.31,67.5,71.21
2021-08-25,69.45,68.54,72.12
2021-08-26,69.24,67.42,70.42
2021-08-27,69.44,68.84,72.26
2021-08-31,69.49,68.43,73.45
2021-09-01,69.92,68.63,71.99
2021-09-02,71.22,70.07,73.56
2021-09-03,70.64,69.34,73.07
2021-09-07,69.71,68.49,71.52
2021-09-08,70.38,69.36,72.36
2021-09-09,69.63,68.26,71.32
2021-09-10,70.7,69.82,72.44
2021-09-13,71.11,70.54,72.97
2021-09-14,71.19,70.53,73.05
2021-09-15,72.09,72.59,74.84
2021-09-16,72.07,72.69,75.14
2021-09-17,71.92,72.09,74.64
2021-09-20,71.36,70.41,73.59
2021-09-21,71.57,70.51,73.65
2021-09-22,72.14,72.37,75.5
2021-09-23,72.35,73.43,76.44
2021-09-24,72.45,74.18,77.42
2021-09-27,72.61,75.54,78.85
2021-09-28,72.63,75.44,78.3
2021-09-29,72.57,75.06,77.86
2021-09-30,72.61,75.22,77.81
2021-10-01,76.77,76.01,79.4
2021-10-04,78.52,77.68,81.44
2021-10-05,79.71,79.17,82.72
2021-10-06,78.69,77.66,81.39
2021-10-07,79.45,78.46,82.34
2021-10-08,79.76,79.55,82.17
2021-10-11,80.68,80.64,83.75
2021-10-12,80.58,80.75,83.53
2021-10-13,80.45,80.67,83.53
2021-10-14,80.95,81.43,83.86
2021-10-15,81.51,82.39,84.67
2021-10-18,81.31,82.62,84.13
2021-10-19,81.61,83.19,85.02
2021-10-20,81.81,84.4,85.76
2021-10-21,81.44,82.64,84.58
2021-10-22,81.61,84.53,85.43
2021-10-25,81.73,84.64,84.85
2021-10-26,81.82,85.64,85.11
2021-10-27,81.6,82.66,84.12
2021-10-28,81.55,82.78,83.4
2021-10-29,81.58,83.5,83.1
2021-11-01,82.38,84.08,84.51
2021-11-02,82.54,83.91,84.42
2021-11-03,80.16,80.82,81.1
2021-11-04,78.95,78.88,80.15
2021-11-05,80.94,81.25,82.43
2021-11-08,81.62,81.96,83.22
2021-11-09,82.58,84.12,84.52
2021-11-10,81.27,81.23,82.91
2021-11-11,81.67,81.47,83.4
2021-11-12,81.48,80.87,82.9
2021-11-15,81.41,80.85,81.94
2021-11-16,81.67,80.76,82.85
2021-11-17,80.76,78.32,80.67
2021-11-18,81.11,78.92,82.45
2021-11-19,80.33,76.11,80.24
2021-11-22,80.55,76.74,80.97
2021-11-23,81.22,78.32,83.43
2021-11-24,81.2,78.32,82.37
2021-11-26,80.08,.,72.37
2021-11-29,80.31,69.88,73.34
2021-11-30,80.28,66.14,70.86
2021-12-01,67.73,65.44,69.53
2021-12-02,68.62,66.6,70.56
2021-12-03,68.91,66.39,70.71
2021-12-06,71.65,69.62,73.38
2021-12-07,73.54,71.94,75.54
2021-12-08,73.69,72.43,75.94
2021-12-09,72.72,70.87,74.1
2021-12-10,73.19,71.71,74.98
2021-12-13,72.71,71.19,74.12
2021-12-14,72.22,70.57,73.37
2021-12-15,72.38,70.89,73.71
2021-12-16,73.02,72.34,74.64
2021-12-17,72.43,70.93,72.97
2021-12-20,71.65,68.69,70.51
2021-12-21,72.42,71.1,72.85
2021-12-22,72.71,72.82,74.69
2021-12-23,72.99,73.89,76.26
2021-12-29,73.21,76.58,78.63
2021-12-30,73.2,76.83,78.61
2021-12-31,73.19,75.33,77.24
2022-01-03,77.03,75.99,78.25
2022-01-04,78.03,77,79.39
2022-01-05,78.81,77.83,80.6
2022-01-06,79.69,79.47,81.99
2022-01-07,79.53,79,82.28
2022-01-10,78.89,78.11,81.56
2022-01-11,80.79,81.17,84.98
2022-01-12,81.34,82.51,85.83
2022-01-13,81.3,81.97,85.8
2022-01-14,82.27,83.82,87.17
2022-01-18,83.22,85.42,88.83
2022-01-19,83.56,86.84,89.64
2022-01-20,83.5,86.29,89.75
2022-01-21,83.29,85.16,89.75
2022-01-24,82.87,84.48,87.74
2022-01-25,83.21,86.61,89.49
2022-01-26,83.39,88.33,91.22
2022-01-27,83.33,87.61,90.7
2022-01-28,83.36,87.67,91.47
2022-01-31,83.45,89.16,92.35
2022-02-01,87.42,88.22,90.24
2022-02-02,87.77,88.16,91.43
2022-02-03,89.16,90.17,92.99
2022-02-04,91.06,92.27,96.86
2022-02-07,90.76,91.25,97.28
2022-02-08,89.28,89.32,96.07
2022-02-09,89.88,89.57,94.95
2022-02-10,89.92,89.83,96.37
2022-02-11,91.79,93.1,97.5
2022-02-14,92.61,95.52,101.66
2022-02-15,90.86,92.07,98.43
2022-02-16,91.56,93.83,97.44
2022-02-17,90.67,91.78,95.28
2022-02-18,90.9,91.26,96.18
2022-02-22,91.84,92.11,98.73
2022-02-23,91.7,92.14,99.29
2022-02-24,92.07,92.77,101.29
2022-02-25,91.93,91.68,98.56
2022-02-28,92.34,96.13,103.08
2022-03-01,102.0,103.66,110.93
2022-03-02,109.4,110.74,118.94
2022-03-03,106.58,107.69,115.36
2022-03-04,114.95,115.77,123.86
2022-03-07,118.18,119.26,129.02
2022-03-08,122.53,123.64,133.18
2022-03-09,110.86,108.81,116.58
2022-03-10,110.2,105.93,114.54
2022-03-11,112.59,109.31,118.11
2022-03-14,109.18,103.22,110.39
2022-03-15,105.76,96.42,105.14
2022-03-16,104.89,94.85,104.61
2022-03-17,108.78,102.97,113.5
2022-03-18,108.99,104.69,114.32
2022-03-21,111.73,112.14,122.29
2022-03-22,111.43,111.03,121.53
2022-03-23,112.59,114.89,127.52
2022-03-24,111.82,114.2,123.98
2022-03-25,112.1,116.2,122.67
2022-03-28,110.84,107.55,114.5
2022-03-29,110.55,104.25,112.79
2022-03-30,110.89,107.81,115.59
2022-03-31,110.89,100.53,107.29
2022-04-01,101.85,99.32,106.13
2022-04-04,104.77,103.29,108.15
2022-04-05,103.27,101.98,106.6
2022-04-06,98.81,96.39,100.81
2022-04-07,98.42,96.05,99.83
2022-04-08,99.72,98.35,101.26
2022-04-11,97.02,94.22,97.92
2022-04-12,101.49,100.52,104.42
2022-04-13,103.7,104.26,108.49
2022-04-14,104.82,106.84,110.83
2022-04-19,103.09,102.54,105.49
2022-04-20,103.12,102.56,105.05
2022-04-21,103.85,103.89,107.2
2022-04-22,103.43,102.86,105.15
2022-04-25,102.3,99.6,99.27
2022-04-26,102.69,102.62,102.89
2022-04-27,102.69,101.96,103.3
2022-04-28,102.76,105.47,105.78
2022-04-29,102.79,104.59,108.36
2022-05-03,103.39,102.53,104.94
2022-05-04,105.97,107.84,110.53
2022-05-05,106.4,108.17,112.11
2022-05-06,107.57,109.72,113.86
2022-05-09,102.79,103.08,106.67
2022-05-10,100.43,99.74,102.61
2022-05-11,104.56,105.5,107.7
2022-05-12,104.66,106.15,108.06
2022-05-13,107.23,110.52,112.12
2022-05-16,108.4,114.07,114.86
2022-05-17,106.88,112.31,112.89
2022-05-18,105.53,109.67,110.04
2022-05-19,106.99,112.21,113.22
2022-05-20,107.21,112.63,113.63
2022-05-23,107.32,110.32,115.13
2022-05-24,107.17,112.55,115.77
2022-05-25,107.17,112.88,116.41
2022-05-26,107.64,116.19,119.81
2022-05-27,107.75,114.96,121.19
2022-05-31,108.13,114.38,125.53
2022-06-01,110.91,115.26,122.2
2022-06-03,113.83,118.97,125.68
2022-06-06,114.01,118.41,124.99
2022-06-07,115.29,119.55,126.89
2022-06-08,117.5,121.94,129.2
2022-06-09,117.09,121.52,128.47
2022-06-10,116.67,120.73,127.44
2022-06-13,116.64,120.92,128.44
2022-06-14,115.71,118.92,127.02
2022-06-15,114.35,115.32,124.96
2022-06-16,115.34,117.56,125.78
2022-06-17,112.72,109.56,119.22
2022-06-21,113.34,110.49,118.51
2022-06-22,112.34,106.22,115.54
2022-06-23,111.86,105.75,114.5
2022-06-24,112.3,109.07,117.36
2022-06-27,112.7,111.44,119.69
2022-06-28,113.11,113.66,122.21
2022-06-29,113.02,111.65,120.8
2022-06-30,113.24,107.76,119.78
2022-07-01,107.89,110.3,119.21
2022-07-05,100.73,101.55,110.49
2022-07-06,98.98,100.31,108.54
2022-07-07,102.02,104.62,113.4
2022-07-08,104.22,106.78,113.95
2022-07-11,104.28,106.09,114.85
2022-07-12,99.14,97.69,106.98
2022-07-13,100.0,98.44,107.17
2022-07-14,99.7,97.79,107.74
2022-07-15,101.03,99.59,112.26
2022-07-18,103.58,104.48,117.27
2022-07-19,103.78,106.12,114.96
2022-07-20,103.54,104.45,115.86
2022-07-21,102.55,98.44,112.81
2022-07-22,102.32,97.71,106.77
2022-07-25,102.63,99.83,108.23
2022-07-26,102.66,97.74,107.32
2022-07-27,102.75,100.03,109.64
2022-07-28,102.8,99.11,109.68
2022-07-29,103.12,101.31,111.51
2022-08-01,97.87,96.59,106.09
2022-08-02,99.4,97.14,106.51
2022-08-03,95.97,93.25,101.82
2022-08-04,94.08,91.29,97.99
2022-08-05,94.41,91.77,100.31
2022-08-08,96.04,93.52,103.46
2022-08-09,95.97,93.18,103.81
2022-08-10,96.87,94.68,105.06
2022-08-11,98.18,97.02,107.19
2022-08-12,96.48,94.86,103.7
2022-08-15,94.97,92.24,98.25
2022-08-16,93.46,89.23,95.36
2022-08-17,94.04,90.85,97.22
2022-08-18,95.18,93.2,96.35
2022-08-19,95.39,93.55,96.45
2022-08-22,95.39,93.42,95.06
2022-08-23,96.41,96.46,99.49
2022-08-24,96.46,95.52,99.87
2022-08-25,96.23,93.33,98.81
2022-08-26,96.53,93.63,101.13
2022-08-30,96.51,92.08,99.34
2022-08-31,96.6,90.09,96.55
2022-09-01,92.08,87.09,92.24
2022-09-02,92.6,87.29,93.09
2022-09-06,93.13,87.35,91.43
2022-09-07,89.36,82.5,86.83
2022-09-08,90.17,84.04,87.99
2022-09-09,92.78,87.27,91.68
2022-09-12,93.36,88.18,93.45
2022-09-13,92.51,87.84,92.04
2022-09-14,93.35,88.88,92.83
2022-09-15,91.98,85.72,89.28
2022-09-16,92.26,85.57,89.43
2022-09-20,91.9,84.69,89.62
2022-09-21,91.81,83.38,89.86
2022-09-22,92.18,84.02,90.4
2022-09-23,91.02,79.07,84.29
2022-09-26,90.5,77.17,82.55
2022-09-27,90.72,78.91,85.97
2022-09-28,90.9,82.61,89.55
2022-09-29,90.81,81.78,89.41
2022-09-30,90.91,79.91,88.9
2022-10-03,88.03,84.05,90.68
2022-10-04,90.9,86.87,93.74
2022-10-05,92.12,88.22,94.35
2022-10-06,92.98,88.9,95.65
2022-10-07,95.8,93.07,98.88
2022-10-10,94.42,91.6,97.13
2022-10-11,92.93,89.75,95.17
2022-10-12,91.58,87.83,93.44
2022-10-13,92.42,89.59,95.16
2022-10-14,90.79,86.1,92.22
2022-10-17,90.71,86,91.04
2022-10-18,89.92,83.29,89.46
2022-10-19,90.53,86,91.34
2022-10-20,90.54,86.02,91.52
2022-10-21,90.95,85.47,91.82
2022-10-24,90.88,86.12,91.57
2022-10-25,90.84,86.93,91.76
2022-10-26,91.16,89.39,92.93
2022-10-27,91.26,89.06,94.17
2022-10-28,91.11,87.85,94.64
2022-10-31,91.13,86.54,93.3
2022-11-01,91.22,88.36,95.12
2022-11-02,91.87,90.06,96.07
2022-11-03,89.5,88.14,95.29
2022-11-04,93.63,92.58,99.53
2022-11-07,92.68,91.8,99.87
2022-11-08,90.62,88.8,96.85
2022-11-09,88.8,85.79,93.05
2022-11-10,89.36,86.52,94.25
2022-11-11,91.11,89.14,96.37
2022-11-14,89.5,85.85,93.59
2022-11-15,89.44,86.87,94.3
2022-11-16,88.94,85.62,92.61
2022-11-17,87.59,81.69,91.0
2022-11-18,86.86,80.07,88.93
2022-11-21,86.62,79.74,88.44
2022-11-22,86.6,80.83,88.65
2022-11-23,85.88,77.93,85.9
2022-11-25,85.79,76.45,83.4
2022-11-28,85.97,77.1,83.5
2022-11-29,86.19,77.96,83.22
2022-11-30,86.22,80.48,85.61
2022-12-01,80.94,81.06,86.28
2022-12-02,80.1,79.86,86.54
2022-12-05,77.52,76.83,83.36
2022-12-06,75.12,74.21,79.92
2022-12-07,73.88,71.93,77.11
2022-12-08,73.45,71.3,76.02
2022-12-09,73.71,71.05,76.37
2022-12-12,75.13,72.96,78.0
2022-12-13,76.62,75.44,80.14
2022-12-14,77.67,77.14,83.33
2022-12-15,76.9,75.89,82.34
2022-12-16,75.89,74.19,80.2
2022-12-19,76.31,75.05,81.66
2022-12-20,76.4,75.92,79.45
2022-12-21,77.1,78.17,80.25
2022-12-22,76.87,77.68,79.58
2022-12-23,77.48,79.57,82.45
2022-12-28,77.39,78.89,81.7
2022-12-29,77.24,78.43,80.96
2022-12-30,77.2,80.16,82.82
2023-01-03,77.91,76.87,80.36
2023-01-04,74.69,72.82,75.31
2023-01-05,75.46,73.61,76.73
2023-01-06,75.4,73.77,76.41
2023-01-09,76.43,74.69,77.5
2023-01-10,77.06,75.11,78.4
2023-01-11,78.68,77.46,81.11
2023-01-12,79.39,78.32,82.59
2023-01-13,80.02,79.9,83.43
2023-01-17,80.66,80.25,84.38
2023-01-18,80.19,79.53,83.78
2023-01-19,80.49,80.31,85.08
2023-01-20,81.0,81.27,86.96
2023-01-23,81.07,81.62,87.54
2023-01-24,80.6,79.86,85.25
2023-01-25,80.57,79.78,85.08
2023-01-26,80.74,80.64,86.29
2023-01-27,80.58,79.73,85.36
2023-01-30,80.42,77.97,84.9
2023-01-31,80.38,78.95,83.42
2023-02-01,80.32,76.34,81.61
2023-02-02,80.07,75.87,80.57
2023-02-03,78.1,73.4,78.85
2023-02-06,78.97,74.11,80.48
2023-02-07,81.19,77.17,82.92
2023-02-08,82.17,78.47,84.17
2023-02-09,81.86,78.04,83.46
2023-02-10,83.15,79.74,85.46
2023-02-13,83.52,80.14,85.98
2023-02-14,83.05,79.08,84.96
2023-02-15,82.95,78.57,84.11
2023-02-16,82.83,78.45,83.84
2023-02-17,82.07,76.31,81.97
2023-02-21,82.17,76.28,82.14
2023-02-22,81.69,73.95,79.55
2023-02-23,81.98,75.26,82.08
2023-02-24,82.12,76.19,82.31
2023-02-27,82.05,75.57,81.24
2023-02-28,82.08,76.88,83.21
2023-03-01,82.35,77.57,83.68
2023-03-02,83.06,78.05,84.15
2023-03-03,84.31,79.62,85.74
2023-03-06,84.4,80.39,85.86
2023-03-07,82.07,77.45,83.03
2023-03-08,81.97,76.56,82.1
2023-03-09,81.24,75.6,81.0
2023-03-10,82.16,76.55,82.3
2023-03-13,81.01,74.68,79.67
2023-03-14,79.2,71.18,76.77
2023-03-15,77.25,67.38,74.3
2023-03-16,77.85,68.15,73.12
2023-03-17,77.14,66.61,71.03
2023-03-20,77.37,67.56,72.42
2023-03-21,77.97,69.4,74.78
2023-03-22,78.35,70.71,76.08
2023-03-23,78.13,69.77,74.31
2023-03-24,77.86,69.22,73.63
2023-03-27,78.4,72.87,76.8
2023-03-28,78.45,73.12,78.07
2023-03-29,78.41,72.95,77.51
2023-03-30,78.47,74.32,78.45
2023-03-31,78.49,75.68,79.19
2023-04-03,84.69,80.4,85.81
2023-04-04,84.47,80.7,85.7
2023-04-05,84.59,80.69,85.89
2023-04-06,84.99,80.7,86.56
2023-04-11,85.19,81.54,87.32
2023-04-12,86.35,83.26,88.31
2023-04-13,85.61,82.16,86.51
2023-04-14,85.64,82.58,87.31
2023-04-17,84.95,80.93,85.63
2023-04-18,85.0,80.85,85.48
2023-04-19,84.36,79.18,85.34
2023-04-20,83.55,77.27,83.29
2023-04-21,83.71,77.86,83.36
2023-04-24,83.9,78.64,84.23
2023-04-25,83.62,77.05,82.13
2023-04-26,83.23,74.33,79.19
2023-04-27,83.32,74.77,80.11
2023-04-28,83.41,76.78,81.32
2023-05-02,75.01,71.71,76.71
2023-05-03,72.28,68.62,72.91
2023-05-04,72.5,68.52,73.0
2023-05-05,74.88,71.32,75.85
2023-05-09,76.55,73.68,77.76
2023-05-10,75.64,72.53,76.7
2023-05-11,74.74,70.81,75.32
2023-05-12,74.01,70.02,74.54
2023-05-15,74.54,71.07,75.46
2023-05-16,74.42,70.85,75.15
2023-05-17,75.18,72.78,76.98
2023-05-18,74.76,71.82,75.75
2023-05-19,74.61,71.57,75.42
2023-05-22,74.77,71.81,75.77
2023-05-23,74.99,72.87,76.66
2023-05-24,75.41,74.37,77.99
2023-05-25,75.0,71.68,75.66
2023-05-26,75.14,72.35,76.33
2023-05-30,74.95,69.45,73.38
2023-05-31,74.93,68.11,71.98
2023-06-01,72.75,70.09,74.18
2023-06-02,74.41,71.76,76.0
2023-06-05,75.14,72.14,76.61
2023-06-06,75.5,71.71,76.22
2023-06-07,75.83,72.52,76.85
2023-06-08,75.2,71.28,75.88
2023-06-09,74.38,70.16,74.74
2023-06-12,72.41,67.08,71.8
2023-06-13,73.89,69.39,74.24
2023-06-14,73.42,68.22,73.39
2023-06-15,74.69,70.61,75.75
2023-06-16,75.2,71.81,76.76
2023-06-20,75.1,70.94,75.79
2023-06-21,75.7,72.55,76.92
2023-06-22,74.91,69.22,73.93
2023-06-23,74.88,68.91,73.56
2023-06-26,74.93,69.09,73.86
2023-06-27,74.78,67.68,71.88
2023-06-28,74.94,69.54,73.64
2023-06-29,74.95,69.85,73.86
2023-06-30,74.99,70.66,74.51
2023-07-03,74.91,69.71,74.52
2023-07-05,76.42,71.78,76.74
2023-07-06,76.54,71.76,76.72
2023-07-07,78.24,73.91,78.77
2023-07-10,77.62,73.05,77.83
2023-07-11,78.79,74.87,79.54
2023-07-12,79.07,75.77,80.35
2023-07-13,79.89,76.86,81.31
2023-07-14,79.31,75.44,79.9
2023-07-17,78.83,74.17,77.8
2023-07-18,79.33,75.76,79.54
2023-07-19,79.3,75.4,79.38
2023-07-20,79.41,75.65,79.62
2023-07-21,79.9,77.06,81.06
2023-07-24,80.3,78.81,82.53
2023-07-25,80.49,79.76,83.46
2023-07-26,80.29,79.11,82.98
2023-07-27,80.42,80.17,84.28
2023-07-28,80.43,80.55,84.49
2023-07-31,80.44,81.8,85.22
2023-08-01,85.58,81.37,85.34
2023-08-02,84.32,79.5,84.01
2023-08-03,86.18,81.56,86.19
2023-08-04,87.23,82.76,87.38
2023-08-07,86.75,81.94,86.47
2023-08-08,87.47,82.94,88.0
2023-08-09,88.18,84.35,89.31
2023-08-10,87.32,82.81,87.44
2023-08-11,87.63,83.17,87.93
2023-08-14,87.2,82.5,87.4
2023-08-15,86.39,81.06,86.28
2023-08-16,85.68,79.4,84.49
2023-08-17,86.0,80.43,85.24
2023-08-18,86.44,81.25,85.92
2023-08-21,86.36,80.71,85.44
2023-08-22,86.28,80.25,84.7
2023-08-23,86.09,78.91,83.94
2023-08-24,86.18,79.52,84.07
2023-08-25,86.4,80.47,85.42
2023-08-29,86.43,81.14,86.37
2023-08-30,86.42,81.64,86.62
2023-08-31,86.46,83.55,87.29
2023-09-01,89.68,85.52,89.98
2023-09-05,90.8,86.74,91.25
2023-09-06,91.69,87.55,91.79
2023-09-07,90.86,86.87,91.16
2023-09-08,91.37,87.51,91.85
2023-09-11,91.38,87.3,91.97
2023-09-12,92.34,88.87,93.58
2023-09-13,92.18,88.59,93.04
2023-09-14,93.45,90.13,95.2
2023-09-15,93.56,90.83,95.55
2023-09-18,93.64,91.47,95.95
2023-09-19,93.15,91.16,96.11
2023-09-20,93.14,89.2,94.56
2023-09-21,93.04,89.56,93.7
2023-09-22,93.05,90,93.99
2023-09-25,92.91,89.68,94.01
2023-09-26,93.03,91.43,94.46
2023-09-27,93.26,93.67,97.1
2023-09-28,93.16,91.65,96.64
2023-09-29,93.31,90.77,95.86
2023-10-02,91.33,88.81,91.21
2023-10-03,91.43,89.26,94.46
2023-10-04,86.93,84.32,89.83
2023-10-05,85.5,82.3,88.28
2023-10-06,85.88,82.83,87.86
2023-10-09,88.54,.,91.37
2023-10-10,88.22,85.89,90.7
2023-10-11,87.21,83.7,87.58
2023-10-12,87.37,82.87,88.4
2023-10-13,90.12,87.67,94.33
2023-10-16,89.61,86.65,90.99
2023-10-17,89.84,86.66,92.52
2023-10-18,90.53,88.35,91.99
2023-10-19,90.83,89.35,93.12
2023-10-20,90.66,89.12,93.72
2023-10-23,90.07,85.49,91.88
2023-10-24,89.54,84.58,88.0
2023-10-25,90.02,86.07,90.14
2023-10-26,89.64,83.8,88.45
2023-10-27,89.88,86.04,90.73
2023-10-30,89.68,83.03,90.73
2023-10-31,89.76,81.64,86.82
2023-11-01,85.24,81.05,86.92
2023-11-02,87.65,83.04,89.02
2023-11-03,85.93,81.19,87.55
2023-11-06,86.32,81.54,87.31
2023-11-07,83.58,77.96,83.43
2023-11-08,82.2,75.85,81.46
2023-11-09,82.44,76.34,81.74
2023-11-10,83.35,.,83.66
2023-11-13,83.86,78.86,84.09
2023-11-14,83.82,78.9,84.2
2023-11-15,83.21,77.15,82.4
2023-11-16,81.51,73.5,77.73
2023-11-17,83.08,76.47,81.22
2023-11-20,83.78,78.1,83.25
2023-11-21,83.92,78.35,82.42
2023-11-22,83.76,76.8,81.76
2023-11-24,83.4,74.83,79.82
2023-11-27,83.32,74.46,79.49
2023-11-28,83.46,76.09,81.66
2023-11-29,83.49,77.56,82.98
2023-11-30,83.56,75.66,81.72
2023-12-01,79.44,73.7,78.72
2023-12-04,78.19,72.73,78.16
2023-12-05,77.48,71.95,77.27
2023-12-06,75.3,68.98,74.33
2023-12-07,75.27,69,74.21
2023-12-08,76.51,70.87,75.94
2023-12-11,76.77,70.95,75.75
2023-12-12,74.98,68.27,74.11
2023-12-13,74.87,69.09,74.14
2023-12-14,76.3,71.21,77.05
2023-12-15,76.34,71.05,76.84
2023-12-18,76.72,72.16,78.89
2023-12-19,77.19,73.23,79.82
2023-12-20,77.36,73.87,81.1
2023-12-21,77.27,73.59,80.73
2023-12-22,77.29,73.29,80.23
2023-12-27,77.39,74.31,80.97
2023-12-28,77.29,72.02,79.04
2023-12-29,77.33,71.89,77.69
2024-01-02,75.97,70.62,76.24
2024-01-03,78.2,72.97,77.18
2024-01-04,77.14,72.38,75.79
2024-01-05,78.29,74,78.31
2024-01-08,76.16,71.06,75.47
2024-01-09,77.41,72.43,77.97
2024-01-10,77.04,71.57,78.46
2024-01-11,77.48,72.15,80.21
2024-01-12,77.88,72.94,79.89
2024-01-16,77.7,72.63,80.15
2024-01-17,77.45,72.79,78.88
2024-01-18,77.99,74.32,81.04
2024-01-19,77.77,73.69,80.71
2024-01-22,78.3,75.26,81.7
2024-01-23,78.18,74.72,82.04
2024-01-24,78.33,75.48,82.15
2024-01-25,78.81,77.91,82.33
2024-01-26,78.89,78.45,83.34
2024-01-29,78.78,77.25,83.99
2024-01-30,78.83,78.3,84.14
2024-01-31,78.85,76.28,82.98
2024-02-01,78.57,74.36,82.2
2024-02-02,77.36,72.72,79.54
2024-02-05,78.08,73.21,79.3
2024-02-06,78.35,73.83,80.46
2024-02-07,78.85,74.26,81.18
2024-02-08,80.56,76.67,83.01
2024-02-09,80.66,77.26,83.58
2024-02-12,80.59,77.34,83.88
2024-02-13,81.1,78.28,84.72
2024-02-14,80.41,77.09,84.41
2024-02-15,81.02,78.47,84.33
2024-02-16,81.24,79.65,84.88
2024-02-20,80.78,78.72,84.78
2024-02-21,81.02,78.89,84.77
2024-02-22,81.19,79.64,85.84
2024-02-23,80.71,77.6,84.18
2024-02-26,80.83,78.53,84.01
2024-02-27,80.93,79.8,83.8
2024-02-28,80.86,79.44,84.08
2024-02-29,80.88,79.22,84.57
2024-03-01,83.07,80.9,84.82
2024-03-04,82.06,79.67,86.58
2024-03-05,81.62,79.11,85.82
2024-03-06,82.42,80.08,86.59
2024-03-07,82.44,79.81,84.88
2024-03-08,81.97,78.96,84.29
2024-03-11,82.28,78.87,83.44
2024-03-12,82.14,78.51,83.66
2024-03-13,83.46,80.67,83.95
2024-03-14,83.9,82.16,86.16
2024-03-15,83.82,81.94,85.39
2024-03-18,84.47,83.68,86.47
2024-03-19,84.62,84.39,87.36
2024-03-20,84.15,82.79,85.77
2024-03-21,84.14,81.99,84.92
2024-03-22,84.03,81.1,84.87
2024-03-25,84.23,82.41,86.18
2024-03-26,84.14,82.41,85.91
2024-03-27,84.11,82.15,84.94
2024-03-28,84.15,83.96,86.17
2024-04-02,89.24,85.95,87.63
2024-04-03,89.63,86.22,90.6
2024-04-04,90.53,87.37,90.32
2024-04-05,90.74,87.69,92.81
2024-04-08,90.02,87.24,91.73
2024-04-09,89.43,86.04,92.13
2024-04-10,90.13,86.98,91.57
2024-04-11,89.79,85.79,91.49
2024-04-12,90.22,86.46,93.12
2024-04-15,89.96,86.21,90.84
2024-04-16,89.91,86.15,91.29
2024-04-17,88.84,83.58,89.54
2024-04-18,88.81,83.5,88.34
2024-04-19,88.82,83.79,87.96
2024-04-22,88.72,83.82,87.3
2024-04-23,89.04,84.17,88.29
2024-04-24,89.02,84.09,89.02
2024-04-25,89.18,84.92,88.1
2024-04-26,89.19,85.38,89.95
2024-04-29,89.11,84.26,88.44
2024-04-30,89.17,83.49,88.23
2024-05-01,83.46,80.7,83.55
2024-05-02,83.87,80.59,84.81
2024-05-03,83.2,79.65,83.6
2024-05-07,83.57,79.97,82.69
2024-05-08,84.16,80.57,82.44
2024-05-09,84.18,80.86,83.27
2024-05-10,83.65,79.81,83.39
2024-05-13,84.14,80.71,83.18
2024-05-14,83.56,79.62,81.0
2024-05-15,83.67,80.23,79.98
2024-05-16,83.94,80.85,81.65
2024-05-17,84.38,81.66,82.24
2024-05-20,84.33,81.39,81.91
2024-05-21,84.13,80.66,81.22
2024-05-22,83.76,79.15,79.9
2024-05-23,83.65,77.47,79.25
2024-05-24,83.83,78.48,78.92
2024-05-28,84.15,80.9,81.34
2024-05-29,84.05,80.24,81.5
2024-05-30,84.0,78.96,81.42
2024-05-31,84.04,77.97,79.41
2024-06-03,79.17,75.26,76.45
2024-06-04,78.46,74.27,75.33
2024-06-05,78.87,75.08,75.41
2024-06-06,80.01,76.52,77.62
2024-06-07,79.79,76.53,78.12
2024-06-10,81.26,78.75,79.59
2024-06-11,81.36,78.88,80.15
2024-06-12,81.68,79.56,80.52
2024-06-13,81.6,79.61,81.44
2024-06-14,81.53,79.41,81.49
2024-06-17,82.15,81.33,82.45
2024-06-18,82.49,82.67,84.79
2024-06-20,82.57,83.34,85.92
2024-06-21,82.42,81.71,86.42
2024-06-24,82.6,82.63,86.75
2024-06-25,82.42,81.97,86.81
2024-06-26,82.47,82.19,85.76
2024-06-27,82.49,83.04,87.0
2024-06-28,82.55,82.83,87.26
2024-07-01,86.5,84.7,86.57
2024-07-02,85.95,84.09,88.28
2024-07-03,87.15,85.19,88.25
2024-07-05,86.48,84.44,88.66
2024-07-08,86.03,83.63,87.15
2024-07-09,85.21,82.78,86.48
2024-07-10,85.42,83.39,86.55
2024-07-11,85.55,83.92,86.49
2024-07-12,85.11,83.49,87.35
2024-07-15,85.13,83.22,86.42
2024-07-16,84.57,81.92,86.6
2024-07-17,85.21,84.16,85.76
2024-07-18,85.06,84.17,86.26
2024-07-19,84.21,81.43,85.19
2024-07-22,84.15,81.25,83.44
2024-07-23,83.78,78.24,82.2
2024-07-24,83.93,78.78,83.01
2024-07-25,84.07,79.43,82.58
2024-07-26,83.88,78.58,81.35
2024-07-29,83.75,77.27,80.94
2024-07-30,83.73,76.17,79.26
2024-07-31,83.83,79.36,81.39
2024-08-01,78.63,77.74,81.37
2024-08-02,76.3,74.99,78.35
2024-08-05,75.28,74.46,77.51
2024-08-06,75.35,74.6,76.62
2024-08-07,76.93,76.68,78.26
2024-08-08,77.5,77.64,80.76
2024-08-09,77.39,78.28,81.07
2024-08-12,79.66,81.45,83.06
2024-08-13,78.42,79.81,82.51
2024-08-14,77.89,78.47,82.15
2024-08-15,78.79,79.66,83.09
2024-08-16,78.05,78.05,81.56
2024-08-19,77.24,75.82,81.09
2024-08-20,77.21,75.27,78.85
2024-08-21,76.73,72.76,78.77
2024-08-22,77.13,73.72,78.8
2024-08-23,77.53,75.82,80.34
2024-08-27,77.61,76.5,81.51
2024-08-28,77.53,75.49,80.04
2024-08-29,77.54,76.9,81.55
2024-08-30,77.6,74.52,80.2
2024-09-03,73.59,71.28,76.46
